actionNumber,clock,timeActual,period,periodType,actionType,subType,qualifiers,personId,x,y,possession,scoreHome,scoreAway,edited,orderNumber,isTargetScoreLastPeriod,xLegacy,yLegacy,isFieldGoal,side,description,personIdsFilter,teamId,teamTricode,descriptor,jumpBallRecoveredName,jumpBallRecoverdPersonId,playerName,playerNameI,jumpBallWonPlayerName,jumpBallWonPersonId,jumpBallLostPlayerName,jumpBallLostPersonId,area,areaDetail,shotDistance,shotResult,shotActionNumber,pointsTotal,assistPlayerNameInitial,assistPersonId,assistTotal,reboundTotal,reboundDefensiveTotal,reboundOffensiveTotal,officialId,foulPersonalTotal,foulTechnicalTotal,foulDrawnPlayerName,foulDrawnPersonId,turnoverTotal,stealPlayerName,stealPersonId,blockPlayerName,blockPersonId
2,PT12M00.00S,2025-03-15T01:42:34.6Z,1,REGULAR,period,start,[],0,,,0,0,0,2025-03-15T01:42:34Z,20000,False,,,0,,Period Start,[],,,,,,,,,,,,,,,,,,,,,,,,,,,,,,,,,
4,PT11M54.00S,2025-03-15T01:42:39.9Z,1,REGULAR,jumpball,recovered,[],1630193,,,1610612761,0,0,2025-03-15T01:42:39Z,40000,False,,,0,,Jump Ball C. Castleton vs. L. Markkanen: Tip to I. Quickley,"[1630193, 1630658, 1628374]",1610612761.0,TOR,startperiod,I. Quickley,1630193.0,Quickley,I. Quickley,Castleton,1630658.0,Markkanen,1628374.0,,,,,,,,,,,,,,,,,,,,,,
7,PT11M46.00S,2025-03-15T01:42:47.2Z,1,REGULAR,3pt,Jump Shot,[],1642419,68.15045992115637,38.970588235294116,1610612761,0,0,2025-03-15T01:42:52Z,70000,False,-55.0,247.0,1,right,MISS J. Battle 25' 3PT,[1642419],1610612761.0,TOR,,,,Battle,J. Battle,,,,,Above the Break 3,24+ Center,25.3,Missed,,,,,,,,,,,,,,,,,,
8,PT11M44.00S,2025-03-15T01:42:49.2Z,1,REGULAR,rebound,defensive,['team'],0,,,1610612762,0,0,2025-03-15T01:42:52Z,80000,False,,,0,,TEAM defensive REBOUND,[],1610612762.0,UTA,,,,,,,,,,Above the Break 3,24+ Center,,,7.0,,,,,,,,,,,,,,,,,
10,PT11M24.00S,2025-03-15T01:43:32.8Z,1,REGULAR,3pt,Jump Shot,[],1628374,24.78646517739816,87.74509803921569,1610612762,3,0,2025-03-15T01:43:54Z,100000,False,-189.0,180.0,1,left,L. Markkanen 26' 3PT  (3 PTS) (I. Collier 1 AST),"[1628374, 1642268]",1610612762.0,UTA,,,,Markkanen,L. Markkanen,,,,,Above the Break 3,24+ Left Center,26.11,Made,,3.0,I. Collier,1642268.0,1.0,,,,,,,,,,,,,
12,PT11M06.00S,2025-03-15T01:43:50.4Z,1,REGULAR,2pt,Layup,['pointsinthepaint'],1630567,87.99277266754271,38.72549019607843,1610612761,3,0,2025-03-15T01:44:11Z,120000,False,-56.0,60.0,1,right,MISS S. Barnes 8' driving Layup,[1630567],1610612761.0,TOR,driving,,,Barnes,S. Barnes,,,,,In The Paint (Non-RA),8-16 Left,8.26,Missed,,,,,,,,,,,,,,,,,,
13,PT11M04.00S,2025-03-15T01:43:52.4Z,1,REGULAR,rebound,defensive,[],1628374,,,1610612762,3,0,2025-03-15T01:52:41Z,130000,False,,,0,,L. Markkanen REBOUND (Off:0 Def:1),[1628374],1610612762.0,UTA,,,,Markkanen,L. Markkanen,,,,,In The Paint (Non-RA),8-16 Left,,,12.0,,,,,1.0,1.0,0.0,,,,,,,,,,
14,PT11M00.00S,2025-03-15T01:43:56.2Z,1,REGULAR,2pt,Layup,"['fastbreak', 'pointsinthepaint']",1642271,8.623521681997373,53.92156862745098,1610612762,3,0,2025-03-15T02:02:31Z,140000,False,-20.0,29.0,1,left,MISS K. Filipowski running Layup,[1642271],1610612762.0,UTA,running,,,Filipowski,K. Filipowski,,,,,Restricted Area,0-8 Center,3.47,Missed,,,,,,,,,,,,,,,,,,
15,PT10M58.00S,2025-03-15T01:43:58.2Z,1,REGULAR,rebound,defensive,[],1630193,,,1610612761,3,0,2025-03-15T01:44:01Z,150000,False,,,0,,I. Quickley REBOUND (Off:0 Def:1),[1630193],1610612761.0,TOR,,,,Quickley,I. Quickley,,,,,Restricted Area,0-8 Center,,,14.0,,,,,1.0,1.0,0.0,,,,,,,,,,
16,PT10M52.00S,2025-03-15T01:44:04.2Z,1,REGULAR,2pt,Layup,['pointsinthepaint'],1630658,92.32917214191852,46.07843137254902,1610612761,3,2,2025-03-15T01:45:12Z,160000,False,-20.0,20.0,1,right,C. Castleton cutting Layup (2 PTS) (R. Barrett 1 AST),"[1630658, 1629628]",1610612761.0,TOR,cutting,,,Castleton,C. Castleton,,,,,Restricted Area,0-8 Center,2.77,Made,,2.0,R. Barrett,1629628.0,1.0,,,,,,,,,,,,,
18,PT10M36.00S,2025-03-15T01:44:19.9Z,1,REGULAR,2pt,Layup,['pointsinthepaint'],1628374,8.09789750328515,41.17647058823529,1610612762,3,2,2025-03-15T01:45:31Z,180000,False,44.0,24.0,1,left,MISS L. Markkanen driving Layup,[1628374],1610612762.0,UTA,driving,,,Markkanen,L. Markkanen,,,,,In The Paint (Non-RA),0-8 Center,5.0,Missed,,,,,,,,,,,,,,,,,,
19,PT10M33.00S,2025-03-15T01:44:22.9Z,1,REGULAR,rebound,defensive,[],1630658,,,1610612761,3,2,2025-03-15T01:44:24Z,190000,False,,,0,,C. Castleton REBOUND (Off:0 Def:1),[1630658],1610612761.0,TOR,,,,Castleton,C. Castleton,,,,,In The Paint (Non-RA),0-8 Center,,,18.0,,,,,1.0,1.0,0.0,,,,,,,,,,
20,PT10M31.00S,2025-03-15T01:44:25.2Z,1,REGULAR,3pt,Jump Shot,['fastbreak'],1630193,69.46452036793693,17.647058823529413,1610612761,3,2,2025-03-15T01:44:31Z,200000,False,-162.0,235.0,1,right,MISS I. Quickley 28' running pullup 3PT,[1630193],1610612761.0,TOR,running pullup,,,Quickley,I. Quickley,,,,,Above the Break 3,24+ Left Center,28.49,Missed,,,,,,,,,,,,,,,,,,
21,PT10M28.00S,2025-03-15T01:44:28.2Z,1,REGULAR,rebound,defensive,[],1642262,,,1610612762,3,2,2025-03-15T01:44:31Z,210000,False,,,0,,C. Williams REBOUND (Off:0 Def:1),[1642262],1610612762.0,UTA,,,,Williams,C. Williams,,,,,Above the Break 3,24+ Left Center,,,20.0,,,,,1.0,1.0,0.0,,,,,,,,,,
22,PT10M19.00S,2025-03-15T01:44:39.6Z,1,REGULAR,foul,personal,['2freethrow'],1630658,,,1610612762,3,2,2025-03-15T01:44:53Z,220000,False,,,0,,C. Castleton shooting personal FOUL (1 PF) (Filipowski 2 FT),"[1630658, 1642271]",1610612761.0,TOR,shooting,,,Castleton,C. Castleton,,,,,Restricted Area,0-8 Center,,,,,,,,,,,1151.0,1.0,0.0,Filipowski,1642271.0,,,,,
24,PT10M19.00S,2025-03-15T01:45:20.4Z,1,REGULAR,freethrow,1 of 2,[],1642271,,,1610612762,3,2,2025-03-15T01:45:20Z,240000,False,,,0,,MISS K. Filipowski Free Throw 1 of 2,[1642271],1610612762.0,UTA,,,,Filipowski,K. Filipowski,,,,,,,,Missed,,,,,,,,,,,,,,,,,,
25,PT10M19.00S,2025-03-15T01:45:20.4Z,1,REGULAR,rebound,offensive,"['deadball', 'team']",0,,,1610612762,3,2,2025-03-15T01:45:20Z,250000,False,,,0,,TEAM offensive REBOUND,[],1610612762.0,UTA,,,,,,,,,,,,,,24.0,,,,,,,,,,,,,,,,,
26,PT10M19.00S,2025-03-15T01:45:38.0Z,1,REGULAR,freethrow,2 of 2,[],1642271,,,1610612762,4,2,2025-03-15T01:45:38Z,260000,False,,,0,,K. Filipowski Free Throw 2 of 2 (1 PTS),[1642271],1610612762.0,UTA,,,,Filipowski,K. Filipowski,,,,,,,,Made,,1.0,,,,,,,,,,,,,,,,
27,PT09M56.00S,2025-03-15T01:46:02.4Z,1,REGULAR,3pt,Jump Shot,[],1630567,70.38436268068331,72.54901960784314,1610612761,4,5,2025-03-15T01:46:07Z,270000,False,113.0,226.0,1,right,S. Barnes 25' 3PT  (3 PTS) (C. Castleton 1 AST),"[1630567, 1630658]",1610612761.0,TOR,,,,Barnes,S. Barnes,,,,,Above the Break 3,24+ Right Center,25.25,Made,,3.0,C. Castleton,1630658.0,1.0,,,,,,,,,,,,,
29,PT09M43.00S,2025-03-15T01:46:29.7Z,1,REGULAR,foul,personal,[],1629628,,,1610612762,4,5,2025-03-15T01:46:58Z,290000,False,,,0,,R. Barrett personal FOUL (1 PF),"[1629628, 1628374]",1610612761.0,TOR,,,,Barrett,R. Barrett,,,,,In The Paint (Non-RA),0-8 Center,,,,,,,,,,,203591.0,1.0,0.0,Markkanen,1628374.0,,,,,
31,PT09M28.00S,2025-03-15T01:46:53.3Z,1,REGULAR,3pt,Jump Shot,[],1628374,37.27003942181341,34.31372549019608,1610612762,4,5,2025-03-15T01:46:59Z,310000,False,78.0,298.0,1,left,MISS L. Markkanen 30' 3PT,[1628374],1610612762.0,UTA,,,,Markkanen,L. Markkanen,,,,,Above the Break 3,24+ Center,30.79,Missed,,,,,,,,,,,,,,,,,,
32,PT09M25.00S,2025-03-15T01:46:56.3Z,1,REGULAR,rebound,defensive,[],1630567,,,1610612761,4,5,2025-03-15T01:46:56Z,320000,False,,,0,,S. Barnes REBOUND (Off:0 Def:1),[1630567],1610612761.0,TOR,,,,Barnes,S. Barnes,,,,,Above the Break 3,24+ Center,,,31.0,,,,,1.0,1.0,0.0,,,,,,,,,,
33,PT09M16.00S,2025-03-15T01:47:04.2Z,1,REGULAR,2pt,Hook,['pointsinthepaint'],1630658,86.81011826544021,48.03921568627451,1610612761,4,7,2025-03-15T01:47:17Z,330000,False,-10.0,71.0,1,right,C. Castleton 7' turnaround Hook (4 PTS) (S. Barnes 1 AST),"[1630658, 1630567]",1610612761.0,TOR,turnaround,,,Castleton,C. Castleton,,,,,In The Paint (Non-RA),0-8 Center,7.22,Made,,4.0,S. Barnes,1630567.0,1.0,,,,,,,,,,,,,
35,PT09M07.00S,2025-03-15T01:47:17.0Z,1,REGULAR,foul,personal,['2freethrow'],1642419,,,1610612762,4,7,2025-03-15T01:47:25Z,350000,False,,,0,,J. Battle shooting personal FOUL (1 PF) (Sexton 2 FT),"[1642419, 1629012]",1610612761.0,TOR,shooting,,,Battle,J. Battle,,,,,In The Paint (Non-RA),8-16 Center,,,,,,,,,,,1627529.0,1.0,0.0,Sexton,1629012.0,,,,,
37,PT09M07.00S,2025-03-15T01:47:38.3Z,1,REGULAR,freethrow,1 of 2,[],1629012,,,1610612762,4,7,2025-03-15T01:47:38Z,370000,False,,,0,,MISS C. Sexton Free Throw 1 of 2,[1629012],1610612762.0,UTA,,,,Sexton,C. Sexton,,,,,,,,Missed,,,,,,,,,,,,,,,,,,
38,PT09M07.00S,2025-03-15T01:47:38.3Z,1,REGULAR,rebound,offensive,"['deadball', 'team']",0,,,1610612762,4,7,2025-03-15T01:47:38Z,380000,False,,,0,,TEAM offensive REBOUND,[],1610612762.0,UTA,,,,,,,,,,,,,,37.0,,,,,,,,,,,,,,,,,
39,PT09M07.00S,2025-03-15T01:47:51.7Z,1,REGULAR,freethrow,2 of 2,[],1629012,,,1610612762,5,7,2025-03-15T01:47:51Z,390000,False,,,0,,C. Sexton Free Throw 2 of 2 (1 PTS),[1629012],1610612762.0,UTA,,,,Sexton,C. Sexton,,,,,,,,Made,,1.0,,,,,,,,,,,,,,,,
40,PT08M53.00S,2025-03-15T01:48:07.8Z,1,REGULAR,2pt,Jump Shot,['pointsinthepaint'],1630567,84.31340341655716,34.068627450980394,1610612761,5,7,2025-03-15T01:48:40Z,400000,False,-80.0,95.0,1,right,MISS S. Barnes 12' fadeaway Shot,[1630567],1610612761.0,TOR,fadeaway,,,Barnes,S. Barnes,,,,,In The Paint (Non-RA),8-16 Left,12.4,Missed,,,,,,,,,,,,,,,,,,
41,PT08M49.00S,2025-03-15T01:48:11.8Z,1,REGULAR,rebound,defensive,[],1628374,,,1610612762,5,7,2025-03-15T01:55:01Z,410000,False,,,0,,L. Markkanen REBOUND (Off:0 Def:2),[1628374],1610612762.0,UTA,,,,Markkanen,L. Markkanen,,,,,In The Paint (Non-RA),8-16 Left,,,40.0,,,,,2.0,2.0,0.0,,,,,,,,,,
42,PT08M44.00S,2025-03-15T01:48:15.9Z,1,REGULAR,3pt,Jump Shot,['fastbreak'],1628374,35.43035479632063,59.55882352941176,1610612762,8,7,2025-03-15T01:48:21Z,420000,False,-48.0,281.0,1,left,L. Markkanen 28' 3PT running (6 PTS) (C. Sexton 1 AST),"[1628374, 1629012]",1610612762.0,UTA,running,,,Markkanen,L. Markkanen,,,,,Above the Break 3,24+ Center,28.45,Made,,6.0,C. Sexton,1629012.0,1.0,,,,,,,,,,,,,
44,PT08M30.00S,2025-03-15T01:48:32.6Z,1,REGULAR,turnover,traveling,[],1630658,,,1610612761,8,7,2025-03-15T01:48:38Z,440000,False,,,0,,C. Castleton traveling TURNOVER (1 TO),[1630658],1610612761.0,TOR,,,,Castleton,C. Castleton,,,,,In The Paint (Non-RA),0-8 Center,,,,,,,,,,,1627529.0,,,,,1.0,,,,
45,PT08M21.00S,2025-03-15T01:48:54.9Z,1,REGULAR,3pt,Jump Shot,['fromturnover'],1642271,29.38567674113009,75.98039215686273,1610612762,8,7,2025-03-15T01:48:59Z,450000,False,-130.0,224.0,1,left,MISS K. Filipowski 25' 3PT,[1642271],1610612762.0,UTA,,,,Filipowski,K. Filipowski,,,,,Above the Break 3,24+ Left Center,25.87,Missed,,,,,,,,,,,,,,,,,,
46,PT08M18.00S,2025-03-15T01:48:57.9Z,1,REGULAR,rebound,defensive,[],1630193,,,1610612761,8,7,2025-03-15T01:48:59Z,460000,False,,,0,,I. Quickley REBOUND (Off:0 Def:2),[1630193],1610612761.0,TOR,,,,Quickley,I. Quickley,,,,,Above the Break 3,24+ Left Center,,,45.0,,,,,2.0,2.0,0.0,,,,,,,,,,
47,PT08M12.00S,2025-03-15T01:49:03.1Z,1,REGULAR,2pt,DUNK,"['pointsinthepaint', 'fastbreak']",1630567,91.93495400788436,45.83333333333333,1610612761,8,7,2025-03-15T01:49:11Z,470000,False,-21.0,23.0,1,right,MISS S. Barnes running DUNK,[1630567],1610612761.0,TOR,running,,,Barnes,S. Barnes,,,,,Restricted Area,0-8 Center,3.12,Missed,,,,,,,,,,,,,,,,,,
48,PT08M10.00S,2025-03-15T01:49:05.1Z,1,REGULAR,rebound,defensive,[],1642271,,,1610612762,8,7,2025-03-15T01:49:11Z,480000,False,,,0,,K. Filipowski REBOUND (Off:0 Def:1),[1642271],1610612762.0,UTA,,,,Filipowski,K. Filipowski,,,,,Restricted Area,0-8 Center,,,47.0,,,,,1.0,1.0,0.0,,,,,,,,,,
49,PT08M06.00S,2025-03-15T01:49:08.9Z,1,REGULAR,3pt,Jump Shot,['fastbreak'],1642262,4.418528252299605,95.83333333333334,1610612762,11,7,2025-03-15T01:49:16Z,490000,False,-229.0,-11.0,1,left,C. Williams 3PT running (3 PTS) (K. Filipowski 1 AST),"[1642262, 1642271]",1610612762.0,UTA,running,,,Williams,C. Williams,,,,,Left Corner 3,24+ Left,22.95,Made,,3.0,K. Filipowski,1642271.0,1.0,,,,,,,,,,,,,
51,PT08M01.00S,2025-03-15T01:49:16.3Z,1,REGULAR,foul,personal,['2freethrow'],1628374,,,1610612761,11,7,2025-03-15T01:49:21Z,510000,False,,,0,,L. Markkanen shooting personal FOUL (1 PF) (Barnes 2 FT),"[1628374, 1630567]",1610612762.0,UTA,shooting,,,Markkanen,L. Markkanen,,,,,Restricted Area,0-8 Center,,,,,,,,,,,1627529.0,1.0,0.0,Barnes,1630567.0,,,,,
53,PT08M01.00S,2025-03-15T01:49:41.0Z,1,REGULAR,freethrow,1 of 2,[],1630567,,,1610612761,11,7,2025-03-15T01:49:41Z,530000,False,,,0,,MISS S. Barnes Free Throw 1 of 2,[1630567],1610612761.0,TOR,,,,Barnes,S. Barnes,,,,,,,,Missed,,,,,,,,,,,,,,,,,,
54,PT08M01.00S,2025-03-15T01:49:41.0Z,1,REGULAR,rebound,offensive,"['deadball', 'team']",0,,,1610612761,11,7,2025-03-15T01:49:41Z,540000,False,,,0,,TEAM offensive REBOUND,[],1610612761.0,TOR,,,,,,,,,,,,,,53.0,,,,,,,,,,,,,,,,,
55,PT08M01.00S,2025-03-15T01:49:55.8Z,1,REGULAR,freethrow,2 of 2,[],1630567,,,1610612761,11,8,2025-03-15T01:49:55Z,550000,False,,,0,,S. Barnes Free Throw 2 of 2 (4 PTS),[1630567],1610612761.0,TOR,,,,Barnes,S. Barnes,,,,,,,,Made,,4.0,,,,,,,,,,,,,,,,
56,PT07M50.00S,2025-03-15T01:50:09.0Z,1,REGULAR,3pt,Jump Shot,[],1628374,33.722076215505915,60.049019607843135,1610612762,11,8,2025-03-15T01:50:14Z,560000,False,-50.0,264.0,1,left,MISS L. Markkanen 26' 3PT,[1628374],1610612762.0,UTA,,,,Markkanen,L. Markkanen,,,,,Above the Break 3,24+ Center,26.92,Missed,,,,,,,,,,,,,,,,,,
57,PT07M46.00S,2025-03-15T01:50:13.0Z,1,REGULAR,rebound,defensive,[],1642419,,,1610612761,11,8,2025-03-15T01:50:14Z,570000,False,,,0,,J. Battle REBOUND (Off:0 Def:1),[1642419],1610612761.0,TOR,,,,Battle,J. Battle,,,,,Above the Break 3,24+ Center,,,56.0,,,,,1.0,1.0,0.0,,,,,,,,,,
58,PT07M39.00S,2025-03-15T01:50:18.8Z,1,REGULAR,3pt,Jump Shot,[],1630567,70.64717477003943,71.81372549019608,1610612761,11,8,2025-03-15T01:50:47Z,580000,False,109.0,223.0,1,right,MISS S. Barnes 24' pullup 3PT,[1630567],1610612761.0,TOR,pullup,,,Barnes,S. Barnes,,,,,Above the Break 3,24+ Right Center,24.86,Missed,,,,,,,,,,,,,,,,,,
59,PT07M38.00S,2025-03-15T01:50:21.0Z,1,REGULAR,rebound,offensive,[],1630193,,,1610612761,11,8,2025-03-15T01:50:21Z,590000,False,,,0,,I. Quickley REBOUND (Off:1 Def:2),[1630193],1610612761.0,TOR,,,,Quickley,I. Quickley,,,,,Above the Break 3,24+ Right Center,,,58.0,,,,,3.0,2.0,1.0,,,,,,,,,,
60,PT07M36.00S,2025-03-15T01:50:22.3Z,1,REGULAR,2pt,Jump Shot,"['pointsinthepaint', '2ndchance']",1630658,82.86793692509855,49.01960784313725,1610612761,11,10,2025-03-15T01:52:03Z,600000,False,-5.0,109.0,1,right,C. Castleton 10' floating Jump Shot (6 PTS) (I. Quickley 1 AST),"[1630658, 1630193]",1610612761.0,TOR,floating,,,Castleton,C. Castleton,,,,,In The Paint (Non-RA),8-16 Center,10.86,Made,,6.0,I. Quickley,1630193.0,1.0,,,,,,,,,,,,,
62,PT07M25.00S,2025-03-15T01:50:33.1Z,1,REGULAR,3pt,Jump Shot,[],1628374,9.937582128777924,3.9215686274509802,1610612762,14,10,2025-03-15T01:50:38Z,620000,False,230.0,41.0,1,left,L. Markkanen 3PT  (9 PTS) (I. Collier 2 AST),"[1628374, 1642268]",1610612762.0,UTA,,,,Markkanen,L. Markkanen,,,,,Right Corner 3,24+ Right,23.4,Made,,9.0,I. Collier,1642268.0,2.0,,,,,,,,,,,,,
64,PT07M23.00S,2025-03-15T01:50:39.2Z,1,REGULAR,timeout,full,"['team', 'mandatory']",0,,,1610612761,14,10,2025-03-15T01:50:39Z,640000,False,,,0,,TOR Timeout,[],1610612761.0,TOR,,,,,,,,,,,,,,,,,,,,,,,,,,,,,,,
65,PT07M23.00S,2025-03-15T01:53:16.5Z,1,REGULAR,substitution,out,[],1630567,,,1610612761,14,10,2025-03-15T01:53:35Z,650000,False,,,0,,SUB out: S. Barnes,[1630567],1610612761.0,TOR,,,,Barnes,S. Barnes,,,,,,,,,,,,,,,,,,,,,,,,,,
66,PT07M23.00S,2025-03-15T01:53:16.5Z,1,REGULAR,substitution,in,[],1642347,,,1610612761,14,10,2025-03-15T01:53:35Z,660000,False,,,0,,SUB in: J. Shead,[1642347],1610612761.0,TOR,,,,Shead,J. Shead,,,,,,,,,,,,,,,,,,,,,,,,,,
67,PT07M06.00S,2025-03-15T01:53:55.8Z,1,REGULAR,2pt,Jump Shot,['pointsinthepaint'],1642347,84.05059132720105,36.76470588235294,1610612761,14,10,2025-03-15T01:54:23Z,670000,False,-66.0,97.0,1,right,MISS J. Shead 11' driving floating Shot,[1642347],1610612761.0,TOR,driving floating,,,Shead,J. Shead,,,,,In The Paint (Non-RA),8-16 Left,11.78,Missed,,,,,,,,,,,,,,,,,,
68,PT07M04.00S,2025-03-15T01:53:57.8Z,1,REGULAR,rebound,defensive,[],1642262,,,1610612762,14,10,2025-03-15T01:54:04Z,680000,False,,,0,,C. Williams REBOUND (Off:0 Def:2),[1642262],1610612762.0,UTA,,,,Williams,C. Williams,,,,,In The Paint (Non-RA),8-16 Left,,,67.0,,,,,2.0,2.0,0.0,,,,,,,,,,
69,PT07M04.00S,2025-03-15T01:54:04.5Z,1,REGULAR,turnover,out-of-bounds,[],1642262,,,1610612762,14,10,2025-03-15T01:54:18Z,690000,False,,,0,,C. Williams step out-of-bounds TURNOVER (1 TO),[1642262],1610612762.0,UTA,step,,,Williams,C. Williams,,,,,In The Paint (Non-RA),0-8 Center,,,,,,,,,,,203591.0,,,,,1.0,,,,
70,PT07M04.00S,2025-03-15T01:54:07.6Z,1,REGULAR,substitution,out,[],1629012,,,1610612761,14,10,2025-03-15T01:54:11Z,700000,False,,,0,,SUB out: C. Sexton,[1629012],1610612762.0,UTA,,,,Sexton,C. Sexton,,,,,,,,,,,,,,,,,,,,,,,,,,
71,PT07M04.00S,2025-03-15T01:54:07.6Z,1,REGULAR,substitution,in,[],203903,,,1610612761,14,10,2025-03-15T01:54:11Z,710000,False,,,0,,SUB in: J. Clarkson,[203903],1610612762.0,UTA,,,,Clarkson,J. Clarkson,,,,,,,,,,,,,,,,,,,,,,,,,,
72,PT07M03.00S,2025-03-15T01:54:25.1Z,1,REGULAR,2pt,Jump Shot,['fromturnover'],1630193,94.1688567674113,13.725490196078432,1610612761,14,10,2025-03-15T01:54:30Z,720000,False,-181.0,2.0,1,right,MISS I. Quickley 18' Jump Shot,[1630193],1610612761.0,TOR,,,,Quickley,I. Quickley,,,,,Mid-Range,16-24 Left,18.14,Missed,,,,,,,,,,,,,,,,,,
73,PT07M00.00S,2025-03-15T01:54:28.1Z,1,REGULAR,rebound,defensive,[],1628374,,,1610612762,14,10,2025-03-15T01:54:28Z,730000,False,,,0,,L. Markkanen REBOUND (Off:0 Def:3),[1628374],1610612762.0,UTA,,,,Markkanen,L. Markkanen,,,,,Mid-Range,16-24 Left,,,72.0,,,,,3.0,3.0,0.0,,,,,,,,,,
74,PT06M52.00S,2025-03-15T01:54:35.8Z,1,REGULAR,2pt,Layup,['pointsinthepaint'],1642268,13.091327201051248,49.26470588235294,1610612762,14,10,2025-03-15T01:54:43Z,740000,False,4.0,71.0,1,left,MISS I. Collier 7' driving finger roll Layup,[1642268],1610612762.0,UTA,driving finger roll,,,Collier,I. Collier,,,,,In The Paint (Non-RA),0-8 Center,7.07,Missed,,,,,,,,,,,,,,,,,,
75,PT06M50.00S,2025-03-15T01:54:37.8Z,1,REGULAR,rebound,defensive,[],1630658,,,1610612761,14,10,2025-03-15T01:54:43Z,750000,False,,,0,,C. Castleton REBOUND (Off:0 Def:2),[1630658],1610612761.0,TOR,,,,Castleton,C. Castleton,,,,,In The Paint (Non-RA),0-8 Center,,,74.0,,,,,2.0,2.0,0.0,,,,,,,,,,
76,PT06M43.00S,2025-03-15T01:54:44.2Z,1,REGULAR,3pt,Jump Shot,[],1629628,69.46452036793693,33.33333333333333,1610612761,14,10,2025-03-15T01:54:50Z,760000,False,-83.0,235.0,1,right,MISS R. Barrett 24' 3PT,[1629628],1610612761.0,TOR,,,,Barrett,R. Barrett,,,,,Above the Break 3,24+ Left Center,24.89,Missed,,,,,,,,,,,,,,,,,,
77,PT06M42.00S,2025-03-15T01:54:46.9Z,1,REGULAR,rebound,defensive,['team'],0,,,1610612762,14,10,2025-03-15T01:54:46Z,770000,False,,,0,,TEAM defensive REBOUND,[],1610612762.0,UTA,,,,,,,,,,Above the Break 3,24+ Left Center,,,76.0,,,,,,,,,,,,,,,,,
79,PT06M42.00S,2025-03-15T01:54:50.2Z,1,REGULAR,substitution,out,[],1630658,,,1610612762,14,10,2025-03-15T01:54:53Z,790000,False,,,0,,SUB out: C. Castleton,[1630658],1610612761.0,TOR,,,,Castleton,C. Castleton,,,,,,,,,,,,,,,,,,,,,,,,,,
80,PT06M42.00S,2025-03-15T01:54:50.2Z,1,REGULAR,substitution,in,[],1631115,,,1610612762,14,10,2025-03-15T01:54:53Z,800000,False,,,0,,SUB in: O. Robinson,[1631115],1610612761.0,TOR,,,,Robinson,O. Robinson,,,,,,,,,,,,,,,,,,,,,,,,,,
81,PT06M29.00S,2025-03-15T01:55:20.0Z,1,REGULAR,turnover,bad pass,[],1628374,,,1610612762,14,10,2025-03-15T01:58:24Z,810000,False,,,0,,L. Markkanen bad pass TURNOVER (1 TO),"[1628374, 1642347]",1610612762.0,UTA,,,,Markkanen,L. Markkanen,,,,,Above the Break 3,24+ Right Center,,,,,,,,,,,,,,,,1.0,Shead,1642347.0,,
82,PT06M29.00S,2025-03-15T01:55:20.0Z,1,REGULAR,steal,,[],1642347,,,1610612761,14,10,2025-03-15T01:55:21Z,820000,False,,,0,,J. Shead STEAL (1 STL),[1642347],1610612761.0,TOR,,,,Shead,J. Shead,,,,,Above the Break 3,24+ Right Center,,,,,,,,,,,,,,,,,,,,
83,PT06M19.00S,2025-03-15T01:55:29.7Z,1,REGULAR,2pt,Layup,"['pointsinthepaint', 'fromturnover']",1629628,93.51182654402102,55.63725490196079,1610612761,14,12,2025-03-15T01:57:08Z,830000,False,28.0,8.0,1,right,R. Barrett driving reverse Layup (2 PTS) (I. Quickley 2 AST),"[1629628, 1630193]",1610612761.0,TOR,driving reverse,,,Barrett,R. Barrett,,,,,Restricted Area,0-8 Center,2.95,Made,,2.0,I. Quickley,1630193.0,2.0,,,,,,,,,,,,,
85,PT06M01.00S,2025-03-15T01:55:48.5Z,1,REGULAR,2pt,DUNK,['pointsinthepaint'],1642271,11.645860709592641,50.73529411764706,1610612762,16,12,2025-03-15T01:55:53Z,850000,False,-4.0,57.0,1,left,K. Filipowski driving DUNK (3 PTS) (I. Collier 3 AST),"[1642271, 1642268]",1610612762.0,UTA,driving,,,Filipowski,K. Filipowski,,,,,In The Paint (Non-RA),0-8 Center,5.71,Made,,3.0,I. Collier,1642268.0,3.0,,,,,,,,,,,,,
87,PT05M44.00S,2025-03-15T01:56:05.4Z,1,REGULAR,2pt,Layup,['pointsinthepaint'],1630193,92.72339027595268,53.18627450980392,1610612761,16,14,2025-03-15T01:56:09Z,870000,False,16.0,16.0,1,right,I. Quickley driving Layup (2 PTS),[1630193],1610612761.0,TOR,driving,,,Quickley,I. Quickley,,,,,Restricted Area,0-8 Center,2.25,Made,,2.0,,,,,,,,,,,,,,,,
88,PT05M32.00S,2025-03-15T01:56:17.4Z,1,REGULAR,2pt,Layup,['pointsinthepaint'],1642271,7.703679369250986,55.392156862745104,1610612762,16,14,2025-03-15T01:56:21Z,880000,False,-27.0,20.0,1,left,MISS K. Filipowski driving Layup,[1642271],1610612762.0,UTA,driving,,,Filipowski,K. Filipowski,,,,,Restricted Area,0-8 Center,3.35,Missed,,,,,,,,,,,,,,,,,,
89,PT05M29.00S,2025-03-15T01:56:20.4Z,1,REGULAR,rebound,offensive,[],1642271,,,1610612762,16,14,2025-03-15T01:56:21Z,890000,False,,,0,,K. Filipowski REBOUND (Off:1 Def:1),[1642271],1610612762.0,UTA,,,,Filipowski,K. Filipowski,,,,,Restricted Area,0-8 Center,,,88.0,,,,,2.0,1.0,1.0,,,,,,,,,,
90,PT05M29.00S,2025-03-15T01:56:20.0Z,1,REGULAR,2pt,Layup,"['pointsinthepaint', '2ndchance']",1642271,5.590000152587891,50.0,1610612762,18,14,2025-03-15T01:56:20Z,900000,False,0.0,0.0,1,left,K. Filipowski tip Layup (5 PTS),[1642271],1610612762.0,UTA,tip,,,Filipowski,K. Filipowski,,,,,Mid-Range,8-16 Left,0.0,Made,,5.0,,,,,,,,,,,,,,,,
91,PT05M21.00S,2025-03-15T01:56:30.1Z,1,REGULAR,foul,personal,['2freethrow'],1642271,,,1610612761,18,14,2025-03-15T01:56:35Z,910000,False,,,0,,K. Filipowski shooting personal FOUL (1 PF) (Robinson 2 FT),"[1642271, 1631115]",1610612762.0,UTA,shooting,,,Filipowski,K. Filipowski,,,,,Restricted Area,0-8 Center,,,,,,,,,,,1627529.0,1.0,0.0,Robinson,1631115.0,,,,,
93,PT05M21.00S,2025-03-15T01:57:00.8Z,1,REGULAR,freethrow,1 of 2,[],1631115,,,1610612761,18,14,2025-03-15T01:57:00Z,930000,False,,,0,,MISS O. Robinson Free Throw 1 of 2,[1631115],1610612761.0,TOR,,,,Robinson,O. Robinson,,,,,,,,Missed,,,,,,,,,,,,,,,,,,
94,PT05M21.00S,2025-03-15T01:57:00.8Z,1,REGULAR,rebound,offensive,"['deadball', 'team']",0,,,1610612761,18,14,2025-03-15T01:57:00Z,940000,False,,,0,,TEAM offensive REBOUND,[],1610612761.0,TOR,,,,,,,,,,,,,,93.0,,,,,,,,,,,,,,,,,
95,PT05M21.00S,2025-03-15T01:57:01.5Z,1,REGULAR,substitution,out,[],1642262,,,1610612761,18,14,2025-03-15T01:57:14Z,950000,False,,,0,,SUB out: C. Williams,[1642262],1610612762.0,UTA,,,,Williams,C. Williams,,,,,,,,,,,,,,,,,,,,,,,,,,
96,PT05M21.00S,2025-03-15T01:57:01.5Z,1,REGULAR,substitution,out,[],1642271,,,1610612761,18,14,2025-03-15T01:57:14Z,960000,False,,,0,,SUB out: K. Filipowski,[1642271],1610612762.0,UTA,,,,Filipowski,K. Filipowski,,,,,,,,,,,,,,,,,,,,,,,,,,
97,PT05M21.00S,2025-03-15T01:57:01.5Z,1,REGULAR,substitution,out,[],1630193,,,1610612761,18,14,2025-03-15T01:57:14Z,970000,False,,,0,,SUB out: I. Quickley,[1630193],1610612761.0,TOR,,,,Quickley,I. Quickley,,,,,,,,,,,,,,,,,,,,,,,,,,
98,PT05M21.00S,2025-03-15T01:57:01.5Z,1,REGULAR,substitution,out,[],1629628,,,1610612761,18,14,2025-03-15T01:57:14Z,980000,False,,,0,,SUB out: R. Barrett,[1629628],1610612761.0,TOR,,,,Barrett,R. Barrett,,,,,,,,,,,,,,,,,,,,,,,,,,
99,PT05M21.00S,2025-03-15T01:57:01.5Z,1,REGULAR,substitution,in,[],1630231,,,1610612761,18,14,2025-03-15T01:57:14Z,990000,False,,,0,,SUB in: K. Martin,[1630231],1610612762.0,UTA,,,,Martin,K. Martin,,,,,,,,,,,,,,,,,,,,,,,,,,
100,PT05M21.00S,2025-03-15T01:57:01.5Z,1,REGULAR,substitution,in,[],1641729,,,1610612761,18,14,2025-03-15T01:57:14Z,1000000,False,,,0,,SUB in: B. Sensabaugh,[1641729],1610612762.0,UTA,,,,Sensabaugh,B. Sensabaugh,,,,,,,,,,,,,,,,,,,,,,,,,,
101,PT05M21.00S,2025-03-15T01:57:01.5Z,1,REGULAR,substitution,in,[],1630639,,,1610612761,18,14,2025-03-15T01:57:14Z,1010000,False,,,0,,SUB in: A. Lawson,[1630639],1610612761.0,TOR,,,,Lawson,A. Lawson,,,,,,,,,,,,,,,,,,,,,,,,,,
102,PT05M21.00S,2025-03-15T01:57:01.5Z,1,REGULAR,substitution,in,[],202066,,,1610612761,18,14,2025-03-15T01:57:14Z,1020000,False,,,0,,SUB in: G. Temple,[202066],1610612761.0,TOR,,,,Temple,G. Temple,,,,,,,,,,,,,,,,,,,,,,,,,,
103,PT05M21.00S,2025-03-15T01:57:26.3Z,1,REGULAR,freethrow,2 of 2,[],1631115,,,1610612761,18,15,2025-03-15T01:57:26Z,1030000,False,,,0,,O. Robinson Free Throw 2 of 2 (1 PTS),[1631115],1610612761.0,TOR,,,,Robinson,O. Robinson,,,,,,,,Made,,1.0,,,,,,,,,,,,,,,,
104,PT05M04.00S,2025-03-15T01:57:44.1Z,1,REGULAR,turnover,lost ball,[],1628374,,,1610612762,18,15,2025-03-15T01:57:50Z,1040000,False,,,0,,L. Markkanen lost ball TURNOVER (2 TO),"[1628374, 1642347]",1610612762.0,UTA,,,,Markkanen,L. Markkanen,,,,,Mid-Range,8-16 Right,,,,,,,,,,,,,,,,2.0,Shead,1642347.0,,
105,PT05M04.00S,2025-03-15T01:57:44.1Z,1,REGULAR,steal,,[],1642347,,,1610612761,18,15,2025-03-15T01:57:46Z,1050000,False,,,0,,J. Shead STEAL (2 STL),[1642347],1610612761.0,TOR,,,,Shead,J. Shead,,,,,Mid-Range,8-16 Right,,,,,,,,,,,,,,,,,,,,
106,PT04M57.00S,2025-03-15T01:57:51.6Z,1,REGULAR,2pt,Hook,"['pointsinthepaint', 'fromturnover']",1631115,91.14651773981603,42.8921568627451,1610612761,18,15,2025-03-15T01:57:55Z,1060000,False,-36.0,31.0,1,right,MISS O. Robinson turnaround Hook,[1631115],1610612761.0,TOR,turnaround,,,Robinson,O. Robinson,,,,,In The Paint (Non-RA),0-8 Center,4.69,Missed,,,,,,,,,,,,,,,,,,
107,PT04M56.00S,2025-03-15T01:57:52.6Z,1,REGULAR,rebound,defensive,[],1642268,,,1610612762,18,15,2025-03-15T01:57:55Z,1070000,False,,,0,,I. Collier REBOUND (Off:0 Def:1),[1642268],1610612762.0,UTA,,,,Collier,I. Collier,,,,,In The Paint (Non-RA),0-8 Center,,,106.0,,,,,1.0,1.0,0.0,,,,,,,,,,
108,PT04M53.00S,2025-03-15T01:57:56.5Z,1,REGULAR,3pt,Jump Shot,['fastbreak'],203903,28.728646517739815,73.0392156862745,1610612762,21,15,2025-03-15T01:58:03Z,1080000,False,-115.0,218.0,1,left,J. Clarkson 24' 3PT running pullup (3 PTS) (I. Collier 4 AST),"[203903, 1642268]",1610612762.0,UTA,running pullup,,,Clarkson,J. Clarkson,,,,,Above the Break 3,24+ Left Center,24.61,Made,,3.0,I. Collier,1642268.0,4.0,,,,,,,,,,,,,
110,PT04M51.00S,2025-03-15T01:58:01.7Z,1,REGULAR,timeout,full,"['team', 'mandatory']",0,,,1610612761,21,15,2025-03-15T01:58:01Z,1100000,False,,,0,,TOR Timeout,[],1610612761.0,TOR,,,,,,,,,,,,,,,,,,,,,,,,,,,,,,,
111,PT04M32.00S,2025-03-15T02:01:13.4Z,1,REGULAR,3pt,Jump Shot,[],202066,70.12155059132719,79.65686274509804,1610612761,21,15,2025-03-15T02:01:19Z,1110000,False,148.0,228.0,1,right,MISS G. Temple 27' 3PT,[202066],1610612761.0,TOR,,,,Temple,G. Temple,,,,,Above the Break 3,24+ Right Center,27.23,Missed,,,,,,,,,,,,,,,,,,
112,PT04M28.00S,2025-03-15T02:01:17.6Z,1,REGULAR,rebound,offensive,[],1631115,,,1610612761,21,15,2025-03-15T02:01:17Z,1120000,False,,,0,,O. Robinson REBOUND (Off:1 Def:0),[1631115],1610612761.0,TOR,,,,Robinson,O. Robinson,,,,,Above the Break 3,24+ Right Center,,,111.0,,,,,1.0,0.0,1.0,,,,,,,,,,
113,PT04M27.00S,2025-03-15T02:01:21.0Z,1,REGULAR,foul,personal,['2freethrow'],1630231,,,1610612761,21,15,2025-03-15T02:04:46Z,1130000,False,,,0,,K. Martin shooting personal FOUL (1 PF) (Lawson 2 FT),"[1630231, 1630639]",1610612762.0,UTA,shooting,,,Martin,K. Martin,,,,,In The Paint (Non-RA),0-8 Center,,,,,,,,,,,1151.0,1.0,0.0,Lawson,1630639.0,,,,,
116,PT04M27.00S,2025-03-15T02:03:22.1Z,1,REGULAR,freethrow,1 of 2,['2ndchance'],1630639,,,1610612761,21,15,2025-03-15T02:04:58Z,1160000,False,,,0,,MISS A. Lawson Free Throw 1 of 2,[1630639],1610612761.0,TOR,,,,Lawson,A. Lawson,,,,,,,,Missed,,,,,,,,,,,,,,,,,,
117,PT04M27.00S,2025-03-15T02:03:22.1Z,1,REGULAR,rebound,offensive,"['team', 'deadball']",0,,,1610612761,21,15,2025-03-15T02:04:58Z,1170000,False,,,0,,TEAM offensive REBOUND,[],1610612761.0,TOR,,,,,,,,,,,,,,116.0,,,,,,,,,,,,,,,,,
118,PT04M27.00S,2025-03-15T02:03:22.1Z,1,REGULAR,freethrow,2 of 2,['2ndchance'],1630639,,,1610612761,21,16,2025-03-15T02:04:58Z,1180000,False,,,0,,A. Lawson Free Throw 2 of 2 (1 PTS),[1630639],1610612761.0,TOR,,,,Lawson,A. Lawson,,,,,,,,Made,,1.0,,,,,,,,,,,,,,,,
119,PT04M11.00S,2025-03-15T02:03:52.3Z,1,REGULAR,3pt,Jump Shot,[],1641729,20.581471747700395,91.91176470588235,1610612762,21,16,2025-03-15T02:03:57Z,1190000,False,-210.0,141.0,1,left,MISS B. Sensabaugh 25' 3PT,[1641729],1610612762.0,UTA,,,,Sensabaugh,B. Sensabaugh,,,,,Above the Break 3,24+ Left Center,25.26,Missed,,,,,,,,,,,,,,,,,,
120,PT04M08.00S,2025-03-15T02:03:55.3Z,1,REGULAR,rebound,defensive,[],1642347,,,1610612761,21,16,2025-03-15T02:03:57Z,1200000,False,,,0,,J. Shead REBOUND (Off:0 Def:1),[1642347],1610612761.0,TOR,,,,Shead,J. Shead,,,,,Above the Break 3,24+ Left Center,,,119.0,,,,,1.0,1.0,0.0,,,,,,,,,,
121,PT04M02.00S,2025-03-15T02:04:00.8Z,1,REGULAR,3pt,Jump Shot,['fastbreak'],1630639,82.9993429697766,94.6078431372549,1610612761,21,16,2025-03-15T02:05:35Z,1210000,False,223.0,107.0,1,right,MISS A. Lawson 24' running 3PT,[1630639],1610612761.0,TOR,running,,,Lawson,A. Lawson,,,,,Above the Break 3,24+ Right Center,24.75,Missed,,,,,,,,,,,,,,,,,,
122,PT03M58.00S,2025-03-15T02:04:04.8Z,1,REGULAR,rebound,defensive,[],1630231,,,1610612762,21,16,2025-03-15T02:04:06Z,1220000,False,,,0,,K. Martin REBOUND (Off:0 Def:1),[1630231],1610612762.0,UTA,,,,Martin,K. Martin,,,,,Above the Break 3,24+ Right Center,,,121.0,,,,,1.0,1.0,0.0,,,,,,,,,,
124,PT03M42.00S,2025-03-15T02:04:37.7Z,1,REGULAR,2pt,Jump Shot,[],1628374,14.011169513797633,31.862745098039213,1610612762,21,16,2025-03-15T02:04:41Z,1240000,False,91.0,79.0,1,left,MISS L. Markkanen 12' driving floating bank Shot,[1628374],1610612762.0,UTA,driving floating bank,,,Markkanen,L. Markkanen,,,,,Mid-Range,8-16 Right,12.04,Missed,,,,,,,,,,,,,,,,,,
125,PT03M40.00S,2025-03-15T02:04:39.7Z,1,REGULAR,rebound,defensive,[],1631115,,,1610612761,21,16,2025-03-15T02:04:41Z,1250000,False,,,0,,O. Robinson REBOUND (Off:1 Def:1),[1631115],1610612761.0,TOR,,,,Robinson,O. Robinson,,,,,Mid-Range,8-16 Right,,,124.0,,,,,2.0,1.0,1.0,,,,,,,,,,
126,PT03M33.00S,2025-03-15T02:04:46.1Z,1,REGULAR,2pt,Layup,['pointsinthepaint'],1631115,91.01511169513797,56.86274509803921,1610612761,21,18,2025-03-15T02:04:50Z,1260000,False,34.0,32.0,1,right,O. Robinson driving Layup (3 PTS),[1631115],1610612761.0,TOR,driving,,,Robinson,O. Robinson,,,,,In The Paint (Non-RA),0-8 Center,4.69,Made,,3.0,,,,,,,,,,,,,,,,
127,PT03M15.00S,2025-03-15T02:05:03.8Z,1,REGULAR,2pt,Layup,['pointsinthepaint'],1642268,7.966491458607096,44.11764705882353,1610612762,21,18,2025-03-15T02:05:07Z,1270000,False,29.0,22.0,1,left,MISS I. Collier driving Layup - blocked,"[1642268, 1642419]",1610612762.0,UTA,driving,,,Collier,I. Collier,,,,,Restricted Area,0-8 Center,3.7,Missed,,,,,,,,,,,,,,,,,Battle,1642419.0
128,PT03M15.00S,2025-03-15T02:05:03.8Z,1,REGULAR,block,,[],1642419,,,1610612762,21,18,2025-03-15T02:05:05Z,1280000,False,,,0,,J. Battle BLOCK (1 BLK),[1642419],1610612761.0,TOR,,,,Battle,J. Battle,,,,,Restricted Area,0-8 Center,,,,,,,,,,,,,,,,,,,,
129,PT03M12.00S,2025-03-15T02:05:06.8Z,1,REGULAR,rebound,defensive,[],1630639,,,1610612761,21,18,2025-03-15T02:05:07Z,1290000,False,,,0,,A. Lawson REBOUND (Off:0 Def:1),[1630639],1610612761.0,TOR,,,,Lawson,A. Lawson,,,,,Restricted Area,0-8 Center,,,127.0,,,,,1.0,1.0,0.0,,,,,,,,,,
130,PT03M05.00S,2025-03-15T02:05:14.0Z,1,REGULAR,3pt,Jump Shot,[],202066,94.95729303547962,3.1862745098039214,1610612761,21,21,2025-03-15T02:05:18Z,1300000,False,-234.0,-5.0,1,right,G. Temple 3PT  (3 PTS) (J. Shead 1 AST),"[202066, 1642347]",1610612761.0,TOR,,,,Temple,G. Temple,,,,,Left Corner 3,24+ Left,23.42,Made,,3.0,J. Shead,1642347.0,1.0,,,,,,,,,,,,,
132,PT02M56.00S,2025-03-15T02:05:23.7Z,1,REGULAR,turnover,lost ball,[],1641729,,,1610612762,21,21,2025-03-15T02:05:46Z,1320000,False,,,0,,B. Sensabaugh lost ball TURNOVER (1 TO),[1641729],1610612762.0,UTA,,,,Sensabaugh,B. Sensabaugh,,,,,Above the Break 3,16-24 Left Center,,,,,,,,,,,,,,,,1.0,,,,
133,PT02M56.00S,2025-03-15T02:05:26.7Z,1,REGULAR,foul,personal,[],1641729,,,1610612761,21,21,2025-03-15T02:05:30Z,1330000,False,,,0,,B. Sensabaugh loose ball personal FOUL (1 PF),"[1641729, 202066]",1610612762.0,UTA,loose ball,,,Sensabaugh,B. Sensabaugh,,,,,Mid-Range,16-24 Left Center,,,,,,,,,,,1151.0,1.0,0.0,Temple,202066.0,,,,,
135,PT02M56.00S,2025-03-15T02:05:43.1Z,1,REGULAR,timeout,full,"['team', 'mandatory']",0,,,1610612761,21,21,2025-03-15T02:05:43Z,1350000,False,,,0,,UTA Timeout,[],1610612762.0,UTA,,,,,,,,,,,,,,,,,,,,,,,,,,,,,,,
136,PT02M56.00S,2025-03-15T02:06:40.9Z,1,REGULAR,substitution,out,[],1642268,,,1610612761,21,21,2025-03-15T02:07:10Z,1360000,False,,,0,,SUB out: I. Collier,[1642268],1610612762.0,UTA,,,,Collier,I. Collier,,,,,,,,,,,,,,,,,,,,,,,,,,
137,PT02M56.00S,2025-03-15T02:06:40.9Z,1,REGULAR,substitution,out,[],1628374,,,1610612761,21,21,2025-03-15T02:07:10Z,1370000,False,,,0,,SUB out: L. Markkanen,[1628374],1610612762.0,UTA,,,,Markkanen,L. Markkanen,,,,,,,,,,,,,,,,,,,,,,,,,,
138,PT02M56.00S,2025-03-15T02:06:40.9Z,1,REGULAR,substitution,out,[],1642419,,,1610612761,21,21,2025-03-15T02:07:10Z,1380000,False,,,0,,SUB out: J. Battle,[1642419],1610612761.0,TOR,,,,Battle,J. Battle,,,,,,,,,,,,,,,,,,,,,,,,,,
139,PT02M56.00S,2025-03-15T02:06:40.9Z,1,REGULAR,substitution,out,[],1630639,,,1610612761,21,21,2025-03-15T02:07:10Z,1390000,False,,,0,,SUB out: A. Lawson,[1630639],1610612761.0,TOR,,,,Lawson,A. Lawson,,,,,,,,,,,,,,,,,,,,,,,,,,
140,PT02M56.00S,2025-03-15T02:06:40.9Z,1,REGULAR,substitution,in,[],1629012,,,1610612761,21,21,2025-03-15T02:07:10Z,1400000,False,,,0,,SUB in: C. Sexton,[1629012],1610612762.0,UTA,,,,Sexton,C. Sexton,,,,,,,,,,,,,,,,,,,,,,,,,,
141,PT02M56.00S,2025-03-15T02:06:40.9Z,1,REGULAR,substitution,in,[],1630548,,,1610612761,21,21,2025-03-15T02:07:10Z,1410000,False,,,0,,SUB in: J. Juzang,[1630548],1610612762.0,UTA,,,,Juzang,J. Juzang,,,,,,,,,,,,,,,,,,,,,,,,,,
142,PT02M56.00S,2025-03-15T02:06:40.9Z,1,REGULAR,substitution,in,[],1630193,,,1610612761,21,21,2025-03-15T02:07:10Z,1420000,False,,,0,,SUB in: I. Quickley,[1630193],1610612761.0,TOR,,,,Quickley,I. Quickley,,,,,,,,,,,,,,,,,,,,,,,,,,
143,PT02M56.00S,2025-03-15T02:06:40.9Z,1,REGULAR,substitution,in,[],1630567,,,1610612761,21,21,2025-03-15T02:07:10Z,1430000,False,,,0,,SUB in: S. Barnes,[1630567],1610612761.0,TOR,,,,Barnes,S. Barnes,,,,,,,,,,,,,,,,,,,,,,,,,,
144,PT02M45.00S,2025-03-15T02:07:21.6Z,1,REGULAR,2pt,Layup,"['pointsinthepaint', 'fromturnover']",1630567,92.06636005256242,50.73529411764706,1610612761,21,23,2025-03-15T02:07:27Z,1440000,False,4.0,22.0,1,right,S. Barnes Layup (6 PTS) (O. Robinson 1 AST),"[1630567, 1631115]",1610612761.0,TOR,,,,Barnes,S. Barnes,,,,,Restricted Area,0-8 Center,2.24,Made,,6.0,O. Robinson,1631115.0,1.0,,,,,,,,,,,,,
146,PT02M26.00S,2025-03-15T02:07:40.4Z,1,REGULAR,2pt,Hook,['pointsinthepaint'],1630231,9.280551905387648,56.372549019607845,1610612762,21,23,2025-03-15T02:08:20Z,1460000,False,-32.0,35.0,1,left,MISS K. Martin driving bank Hook,[1630231],1610612762.0,UTA,driving bank,,,Martin,K. Martin,,,,,In The Paint (Non-RA),0-8 Center,4.71,Missed,,,,,,,,,,,,,,,,,,
147,PT02M24.00S,2025-03-15T02:07:42.4Z,1,REGULAR,rebound,defensive,[],1630567,,,1610612761,21,23,2025-03-15T02:07:44Z,1470000,False,,,0,,S. Barnes REBOUND (Off:0 Def:2),[1630567],1610612761.0,TOR,,,,Barnes,S. Barnes,,,,,In The Paint (Non-RA),0-8 Center,,,146.0,,,,,2.0,2.0,0.0,,,,,,,,,,
148,PT02M21.00S,2025-03-15T02:07:45.3Z,1,REGULAR,turnover,lost ball,[],1630193,,,1610612761,21,23,2025-03-15T02:07:49Z,1480000,False,,,0,,I. Quickley lost ball TURNOVER (1 TO),"[1630193, 203903]",1610612761.0,TOR,,,,Quickley,I. Quickley,,,,,In The Paint (Non-RA),0-8 Center,,,,,,,,,,,,,,,,1.0,Clarkson,203903.0,,
149,PT02M21.00S,2025-03-15T02:07:45.3Z,1,REGULAR,steal,,[],203903,,,1610612762,21,23,2025-03-15T02:14:37Z,1490000,False,,,0,,J. Clarkson STEAL (1 STL),[203903],1610612762.0,UTA,,,,Clarkson,J. Clarkson,,,,,In The Paint (Non-RA),0-8 Center,,,,,,,,,,,,,,,,,,,,
150,PT02M11.00S,2025-03-15T02:07:55.8Z,1,REGULAR,2pt,Jump Shot,"['pointsinthepaint', 'fromturnover']",203903,11.251642575558476,39.46078431372549,1610612762,21,23,2025-03-15T02:09:12Z,1500000,False,53.0,53.0,1,left,MISS J. Clarkson 7' driving floating bank Shot,[203903],1610612762.0,UTA,driving floating bank,,,Clarkson,J. Clarkson,,,,,In The Paint (Non-RA),0-8 Center,7.5,Missed,,,,,,,,,,,,,,,,,,
151,PT02M09.00S,2025-03-15T02:07:57.8Z,1,REGULAR,rebound,defensive,[],1631115,,,1610612761,21,23,2025-03-15T02:08:00Z,1510000,False,,,0,,O. Robinson REBOUND (Off:1 Def:2),[1631115],1610612761.0,TOR,,,,Robinson,O. Robinson,,,,,In The Paint (Non-RA),0-8 Center,,,150.0,,,,,3.0,2.0,1.0,,,,,,,,,,
152,PT02M02.00S,2025-03-15T02:08:06.0Z,1,REGULAR,foul,personal,"['inpenalty', '2freethrow']",1630231,,,1610612761,21,23,2025-03-15T02:09:41Z,1520000,False,,,0,,K. Martin personal FOUL (2 PF) (Robinson 2 FT),"[1630231, 1631115]",1610612762.0,UTA,,,,Martin,K. Martin,,,,,Restricted Area,0-8 Center,,,,,,,,,,,1627529.0,2.0,0.0,Robinson,1631115.0,,,,,
154,PT02M02.00S,2025-03-15T02:08:26.5Z,1,REGULAR,freethrow,1 of 2,[],1631115,,,1610612761,21,24,2025-03-15T02:08:26Z,1540000,False,,,0,,O. Robinson Free Throw 1 of 2 (4 PTS),[1631115],1610612761.0,TOR,,,,Robinson,O. Robinson,,,,,,,,Made,,4.0,,,,,,,,,,,,,,,,
155,PT02M02.00S,2025-03-15T02:08:40.7Z,1,REGULAR,freethrow,2 of 2,[],1631115,,,1610612761,21,25,2025-03-15T02:08:40Z,1550000,False,,,0,,O. Robinson Free Throw 2 of 2 (5 PTS),[1631115],1610612761.0,TOR,,,,Robinson,O. Robinson,,,,,,,,Made,,5.0,,,,,,,,,,,,,,,,
156,PT01M49.00S,2025-03-15T02:08:55.9Z,1,REGULAR,3pt,Jump Shot,[],1641729,23.99802890932983,12.990196078431374,1610612762,24,25,2025-03-15T02:09:01Z,1560000,False,185.0,173.0,1,left,B. Sensabaugh 25' 3PT  (3 PTS) (K. Martin 1 AST),"[1641729, 1630231]",1610612762.0,UTA,,,,Sensabaugh,B. Sensabaugh,,,,,Above the Break 3,24+ Right Center,25.34,Made,,3.0,K. Martin,1630231.0,1.0,,,,,,,,,,,,,
158,PT01M37.00S,2025-03-15T02:09:07.8Z,1,REGULAR,2pt,Layup,['pointsinthepaint'],1630193,92.32917214191852,52.20588235294118,1610612761,24,27,2025-03-15T02:09:12Z,1580000,False,11.0,20.0,1,right,I. Quickley driving Layup (4 PTS),[1630193],1610612761.0,TOR,driving,,,Quickley,I. Quickley,,,,,Restricted Area,0-8 Center,2.25,Made,,4.0,,,,,,,,,,,,,,,,
159,PT01M23.00S,2025-03-15T02:09:21.9Z,1,REGULAR,3pt,Jump Shot,[],1629012,30.962549277266753,67.15686274509804,1610612762,24,27,2025-03-15T02:09:27Z,1590000,False,-86.0,239.0,1,left,MISS C. Sexton 25' pullup 3PT,[1629012],1610612762.0,UTA,pullup,,,Sexton,C. Sexton,,,,,Above the Break 3,24+ Left Center,25.35,Missed,,,,,,,,,,,,,,,,,,
160,PT01M19.00S,2025-03-15T02:09:25.9Z,1,REGULAR,rebound,defensive,[],1630567,,,1610612761,24,27,2025-03-15T02:09:27Z,1600000,False,,,0,,S. Barnes REBOUND (Off:0 Def:3),[1630567],1610612761.0,TOR,,,,Barnes,S. Barnes,,,,,Above the Break 3,24+ Left Center,,,159.0,,,,,3.0,3.0,0.0,,,,,,,,,,
161,PT01M14.00S,2025-03-15T02:09:30.4Z,1,REGULAR,2pt,Jump Shot,"['fastbreak', 'pointsinthepaint']",1630193,86.94152431011827,43.13725490196079,1610612761,24,29,2025-03-15T02:10:50Z,1610000,False,-34.0,70.0,1,right,I. Quickley 7' driving floating Jump Shot (6 PTS),[1630193],1610612761.0,TOR,driving floating,,,Quickley,I. Quickley,,,,,In The Paint (Non-RA),0-8 Center,7.81,Made,,6.0,,,,,,,,,,,,,,,,
162,PT00M58.90S,2025-03-15T02:09:46.1Z,1,REGULAR,3pt,Jump Shot,[],203903,27.677398160315374,79.90196078431373,1610612762,24,29,2025-03-15T02:11:00Z,1620000,False,-150.0,208.0,1,left,MISS J. Clarkson 25' pullup 3PT,[203903],1610612762.0,UTA,pullup,,,Clarkson,J. Clarkson,,,,,Above the Break 3,24+ Left Center,25.59,Missed,,,,,,,,,,,,,,,,,,
163,PT00M56.80S,2025-03-15T02:09:48.2Z,1,REGULAR,rebound,defensive,[],1630567,,,1610612761,24,29,2025-03-15T02:09:51Z,1630000,False,,,0,,S. Barnes REBOUND (Off:0 Def:4),[1630567],1610612761.0,TOR,,,,Barnes,S. Barnes,,,,,Above the Break 3,24+ Left Center,,,162.0,,,,,4.0,4.0,0.0,,,,,,,,,,
164,PT00M52.40S,2025-03-15T02:09:54.9Z,1,REGULAR,foul,personal,"['inpenalty', '2freethrow']",1641729,,,1610612761,24,29,2025-03-15T02:10:10Z,1640000,False,,,0,,B. Sensabaugh shooting personal FOUL (2 PF) (Quickley 2 FT),"[1641729, 1630193]",1610612762.0,UTA,shooting,,,Sensabaugh,B. Sensabaugh,,,,,Mid-Range,16-24 Left Center,,,,,,,,,,,203591.0,2.0,0.0,Quickley,1630193.0,,,,,
166,PT00M52.40S,2025-03-15T02:10:23.5Z,1,REGULAR,freethrow,1 of 2,['fastbreak'],1630193,,,1610612761,24,30,2025-03-15T02:11:25Z,1660000,False,,,0,,I. Quickley Free Throw 1 of 2 (7 PTS),[1630193],1610612761.0,TOR,,,,Quickley,I. Quickley,,,,,,,,Made,,7.0,,,,,,,,,,,,,,,,
167,PT00M52.40S,2025-03-15T02:10:23.5Z,1,REGULAR,freethrow,2 of 2,['fastbreak'],1630193,,,1610612761,24,31,2025-03-15T02:11:25Z,1670000,False,,,0,,I. Quickley Free Throw 2 of 2 (8 PTS),[1630193],1610612761.0,TOR,,,,Quickley,I. Quickley,,,,,,,,Made,,8.0,,,,,,,,,,,,,,,,
168,PT00M38.30S,2025-03-15T02:11:07.2Z,1,REGULAR,foul,personal,[],202066,,,1610612762,24,31,2025-03-15T02:11:11Z,1680000,False,,,0,,G. Temple personal FOUL (1 PF),"[202066, 1629012]",1610612761.0,TOR,,,,Temple,G. Temple,,,,,Above the Break 3,24+ Right Center,,,,,,,,,,,1627529.0,1.0,0.0,Sexton,1629012.0,,,,,
170,PT00M38.20S,2025-03-15T02:11:29.5Z,1,REGULAR,turnover,5-second-violation,['team'],0,,,1610612762,24,31,2025-03-15T02:11:39Z,1700000,False,,,0,,UTA 5-second-violation Team TURNOVER,[],1610612762.0,UTA,,,,,,,,,,Above the Break 3,24+ Right Center,,,,,,,,,,,1627529.0,,,,,,,,,
171,PT00M33.20S,2025-03-15T02:11:50.8Z,1,REGULAR,foul,personal,"['inpenalty', '2freethrow']",1629012,,,1610612761,24,31,2025-03-15T02:12:02Z,1710000,False,,,0,,C. Sexton personal FOUL (1 PF) (Quickley 2 FT),"[1629012, 1630193]",1610612762.0,UTA,,,,Sexton,C. Sexton,,,,,Mid-Range,8-16 Left,,,,,,,,,,,1627529.0,1.0,0.0,Quickley,1630193.0,,,,,
173,PT00M33.20S,2025-03-15T02:12:21.8Z,1,REGULAR,freethrow,1 of 2,['fromturnover'],1630193,,,1610612761,24,32,2025-03-15T02:12:21Z,1730000,False,,,0,,I. Quickley Free Throw 1 of 2 (9 PTS),[1630193],1610612761.0,TOR,,,,Quickley,I. Quickley,,,,,,,,Made,,9.0,,,,,,,,,,,,,,,,
174,PT00M33.20S,2025-03-15T02:12:43.7Z,1,REGULAR,freethrow,2 of 2,['fromturnover'],1630193,,,1610612761,24,33,2025-03-15T02:12:43Z,1740000,False,,,0,,I. Quickley Free Throw 2 of 2 (10 PTS),[1630193],1610612761.0,TOR,,,,Quickley,I. Quickley,,,,,,,,Made,,10.0,,,,,,,,,,,,,,,,
175,PT00M10.90S,2025-03-15T02:13:08.4Z,1,REGULAR,2pt,Jump Shot,['pointsinthepaint'],1629012,12.828515111695138,37.00980392156863,1610612762,26,33,2025-03-15T02:13:34Z,1750000,False,65.0,68.0,1,left,C. Sexton 9' turnaround fadeaway Jump Shot (3 PTS) (J. Clarkson 1 AST),"[1629012, 203903]",1610612762.0,UTA,turnaround fadeaway,,,Sexton,C. Sexton,,,,,In The Paint (Non-RA),8-16 Right,9.41,Made,,3.0,J. Clarkson,203903.0,1.0,,,,,,,,,,,,,
177,PT00M02.30S,2025-03-15T02:13:22.2Z,1,REGULAR,3pt,Jump Shot,[],1630193,63.41984231274639,50.0,1610612761,26,33,2025-03-15T02:13:48Z,1770000,False,0.0,291.0,1,right,MISS I. Quickley 29' pullup 3PT,[1630193],1610612761.0,TOR,pullup,,,Quickley,I. Quickley,,,,,Above the Break 3,24+ Center,29.14,Missed,,,,,,,,,,,,,,,,,,
178,PT00M02.30S,2025-03-15T02:13:22.2Z,1,REGULAR,rebound,offensive,[],1642347,,,1610612761,26,33,2025-03-15T02:13:27Z,1780000,False,,,0,,J. Shead REBOUND (Off:1 Def:1),[1642347],1610612761.0,TOR,,,,Shead,J. Shead,,,,,Above the Break 3,24+ Center,,,177.0,,,,,2.0,1.0,1.0,,,,,,,,,,
179,PT00M00.00S,2025-03-15T02:13:27.1Z,1,REGULAR,period,end,[],0,,,1610612761,26,33,2025-03-15T02:13:27Z,1790000,False,,,0,,Period End,[],,,,,,,,,,,,,,,,,,,,,,,,,,,,,,,,,
180,PT12M00.00S,2025-03-15T02:15:35.8Z,2,REGULAR,substitution,out,['startperiod'],1631115,,,1610612761,26,33,2025-03-15T02:15:57Z,1800000,False,,,0,,SUB out: O. Robinson,[1631115],1610612761.0,TOR,,,,Robinson,O. Robinson,,,,,,,,,,,,,,,,,,,,,,,,,,
181,PT12M00.00S,2025-03-15T02:15:35.8Z,2,REGULAR,substitution,out,['startperiod'],1642347,,,1610612761,26,33,2025-03-15T02:15:57Z,1810000,False,,,0,,SUB out: J. Shead,[1642347],1610612761.0,TOR,,,,Shead,J. Shead,,,,,,,,,,,,,,,,,,,,,,,,,,
182,PT12M00.00S,2025-03-15T02:15:35.8Z,2,REGULAR,substitution,in,['startperiod'],1630639,,,1610612761,26,33,2025-03-15T02:15:57Z,1820000,False,,,0,,SUB in: A. Lawson,[1630639],1610612761.0,TOR,,,,Lawson,A. Lawson,,,,,,,,,,,,,,,,,,,,,,,,,,
183,PT12M00.00S,2025-03-15T02:15:35.8Z,2,REGULAR,substitution,in,['startperiod'],1630658,,,1610612761,26,33,2025-03-15T02:15:57Z,1830000,False,,,0,,SUB in: C. Castleton,[1630658],1610612761.0,TOR,,,,Castleton,C. Castleton,,,,,,,,,,,,,,,,,,,,,,,,,,
184,PT12M00.00S,2025-03-15T02:16:08.2Z,2,REGULAR,period,start,[],0,,,1610612762,26,33,2025-03-15T02:16:08Z,1840000,False,,,0,,Period Start,[],,,,,,,,,,,,,,,,,,,,,,,,,,,,,,,,,
185,PT11M47.00S,2025-03-15T02:16:20.3Z,2,REGULAR,3pt,Jump Shot,[],1630548,26.62614980289093,13.480392156862745,1610612762,26,33,2025-03-15T02:16:48Z,1850000,False,183.0,198.0,1,left,MISS J. Juzang 26' pullup 3PT,[1630548],1610612762.0,UTA,pullup,,,Juzang,J. Juzang,,,,,Above the Break 3,24+ Right Center,26.92,Missed,,,,,,,,,,,,,,,,,,
186,PT11M43.00S,2025-03-15T02:16:24.3Z,2,REGULAR,rebound,defensive,[],1630567,,,1610612761,26,33,2025-03-15T02:16:25Z,1860000,False,,,0,,S. Barnes REBOUND (Off:0 Def:5),[1630567],1610612761.0,TOR,,,,Barnes,S. Barnes,,,,,Above the Break 3,24+ Right Center,,,185.0,,,,,5.0,5.0,0.0,,,,,,,,,,
187,PT11M38.00S,2025-03-15T02:16:31.3Z,2,REGULAR,foul,personal,['2freethrow'],1630231,,,1610612761,26,33,2025-03-15T02:16:42Z,1870000,False,,,0,,K. Martin shooting personal FOUL (3 PF) (Barnes 2 FT),"[1630231, 1630567]",1610612762.0,UTA,shooting,,,Martin,K. Martin,,,,,In The Paint (Non-RA),8-16 Center,,,,,,,,,,,203591.0,3.0,0.0,Barnes,1630567.0,,,,,
189,PT11M38.00S,2025-03-15T02:17:00.2Z,2,REGULAR,freethrow,1 of 2,[],1630567,,,1610612761,26,34,2025-03-15T02:17:17Z,1890000,False,,,0,,S. Barnes Free Throw 1 of 2 (7 PTS),[1630567],1610612761.0,TOR,,,,Barnes,S. Barnes,,,,,,,,Made,,7.0,,,,,,,,,,,,,,,,
190,PT11M38.00S,2025-03-15T02:17:00.2Z,2,REGULAR,freethrow,2 of 2,[],1630567,,,1610612761,26,34,2025-03-15T02:17:17Z,1900000,False,,,0,,MISS S. Barnes Free Throw 2 of 2,[1630567],1610612761.0,TOR,,,,Barnes,S. Barnes,,,,,,,,Missed,,,,,,,,,,,,,,,,,,
191,PT11M36.00S,2025-03-15T02:17:02.2Z,2,REGULAR,rebound,defensive,[],1630548,,,1610612762,26,34,2025-03-15T02:17:17Z,1910000,False,,,0,,J. Juzang REBOUND (Off:0 Def:1),[1630548],1610612762.0,UTA,,,,Juzang,J. Juzang,,,,,,,,,190.0,,,,,1.0,1.0,0.0,,,,,,,,,,
192,PT11M22.00S,2025-03-15T02:17:29.8Z,2,REGULAR,2pt,Jump Shot,['pointsinthepaint'],203903,10.988830486202366,38.970588235294116,1610612762,26,34,2025-03-15T02:17:34Z,1920000,False,55.0,51.0,1,left,MISS J. Clarkson 7' driving floating Shot,[203903],1610612762.0,UTA,driving floating,,,Clarkson,J. Clarkson,,,,,In The Paint (Non-RA),0-8 Center,7.49,Missed,,,,,,,,,,,,,,,,,,
193,PT11M19.00S,2025-03-15T02:17:32.8Z,2,REGULAR,rebound,offensive,[],203903,,,1610612762,26,34,2025-03-15T02:17:34Z,1930000,False,,,0,,J. Clarkson REBOUND (Off:1 Def:0),[203903],1610612762.0,UTA,,,,Clarkson,J. Clarkson,,,,,In The Paint (Non-RA),0-8 Center,,,192.0,,,,,1.0,0.0,1.0,,,,,,,,,,
194,PT11M19.00S,2025-03-15T02:17:33.4Z,2,REGULAR,2pt,Layup,"['pointsinthepaint', '2ndchance']",203903,5.590000152587891,50.0,1610612762,28,34,2025-03-15T02:17:33Z,1940000,False,0.0,0.0,1,left,J. Clarkson tip Layup (5 PTS),[203903],1610612762.0,UTA,tip,,,Clarkson,J. Clarkson,,,,,Mid-Range,8-16 Left,0.0,Made,,5.0,,,,,,,,,,,,,,,,
195,PT11M14.00S,2025-03-15T02:17:38.5Z,2,REGULAR,2pt,Layup,['pointsinthepaint'],1630567,87.59855453350855,39.950980392156865,1610612761,28,34,2025-03-15T02:18:10Z,1950000,False,-50.0,64.0,1,right,MISS S. Barnes 8' driving finger roll Layup,[1630567],1610612761.0,TOR,driving finger roll,,,Barnes,S. Barnes,,,,,In The Paint (Non-RA),8-16 Left,8.14,Missed,,,,,,,,,,,,,,,,,,
196,PT11M11.00S,2025-03-15T02:17:41.5Z,2,REGULAR,rebound,offensive,[],1630567,,,1610612761,28,34,2025-03-15T02:17:50Z,1960000,False,,,0,,S. Barnes REBOUND (Off:1 Def:5),[1630567],1610612761.0,TOR,,,,Barnes,S. Barnes,,,,,In The Paint (Non-RA),8-16 Left,,,195.0,,,,,6.0,5.0,1.0,,,,,,,,,,
197,PT11M11.00S,2025-03-15T02:17:41.1Z,2,REGULAR,2pt,Layup,"['pointsinthepaint', '2ndchance']",1630567,94.40999984741211,50.0,1610612761,28,36,2025-03-15T02:17:41Z,1970000,False,0.0,0.0,1,right,S. Barnes tip Layup (9 PTS),[1630567],1610612761.0,TOR,tip,,,Barnes,S. Barnes,,,,,Mid-Range,8-16 Left,0.0,Made,,9.0,,,,,,,,,,,,,,,,
198,PT10M59.00S,2025-03-15T02:17:52.7Z,2,REGULAR,2pt,Jump Shot,['pointsinthepaint'],1629012,16.770696452036795,61.029411764705884,1610612762,28,36,2025-03-15T02:18:48Z,1980000,False,-55.0,105.0,1,left,MISS C. Sexton 11' turnaround fadeaway Shot,[1629012],1610612762.0,UTA,turnaround fadeaway,,,Sexton,C. Sexton,,,,,In The Paint (Non-RA),8-16 Center,11.87,Missed,,,,,,,,,,,,,,,,,,
199,PT10M58.00S,2025-03-15T02:17:53.7Z,2,REGULAR,rebound,defensive,[],1630567,,,1610612761,28,36,2025-03-15T02:17:57Z,1990000,False,,,0,,S. Barnes REBOUND (Off:1 Def:6),[1630567],1610612761.0,TOR,,,,Barnes,S. Barnes,,,,,In The Paint (Non-RA),8-16 Center,,,198.0,,,,,7.0,6.0,1.0,,,,,,,,,,
200,PT10M49.00S,2025-03-15T02:18:02.9Z,2,REGULAR,3pt,Jump Shot,[],1630639,92.19776609724047,3.9215686274509802,1610612761,28,39,2025-03-15T02:18:18Z,2000000,False,-230.0,21.0,1,right,A. Lawson 3PT  (4 PTS) (S. Barnes 2 AST),"[1630639, 1630567]",1610612761.0,TOR,,,,Lawson,A. Lawson,,,,,Left Corner 3,24+ Left,23.13,Made,,4.0,S. Barnes,1630567.0,2.0,,,,,,,,,,,,,
202,PT10M36.00S,2025-03-15T02:18:24.7Z,2,REGULAR,turnover,lost ball,[],203903,,,1610612762,28,39,2025-03-15T02:18:30Z,2020000,False,,,0,,J. Clarkson lost ball TURNOVER (1 TO),"[203903, 202066]",1610612762.0,UTA,,,,Clarkson,J. Clarkson,,,,,Mid-Range,8-16 Right,,,,,,,,,,,,,,,,1.0,Temple,202066.0,,
203,PT10M36.00S,2025-03-15T02:18:24.7Z,2,REGULAR,steal,,[],202066,,,1610612761,28,39,2025-03-15T02:18:26Z,2030000,False,,,0,,G. Temple STEAL (1 STL),[202066],1610612761.0,TOR,,,,Temple,G. Temple,,,,,Mid-Range,8-16 Right,,,,,,,,,,,,,,,,,,,,
204,PT10M31.00S,2025-03-15T02:18:31.7Z,2,REGULAR,2pt,DUNK,"['fastbreak', 'pointsinthepaint', 'fromturnover']",1630639,94.69448094612353,53.92156862745098,1610612761,28,39,2025-03-15T02:18:49Z,2040000,False,20.0,-3.0,1,right,MISS A. Lawson running alley-oop DUNK,[1630639],1610612761.0,TOR,running alley-oop,,,Lawson,A. Lawson,,,,,Restricted Area,0-8 Center,1.98,Missed,,,,,,,,,,,,,,,,,,
205,PT10M31.00S,2025-03-15T02:18:31.7Z,2,REGULAR,rebound,defensive,['team'],0,,,1610612762,28,39,2025-03-15T02:18:40Z,2050000,False,,,0,,TEAM defensive REBOUND,[],1610612762.0,UTA,,,,,,,,,,Restricted Area,0-8 Center,,,204.0,,,,,,,,,,,,,,,,,
207,PT10M20.00S,2025-03-15T02:18:51.6Z,2,REGULAR,2pt,Layup,['pointsinthepaint'],1630548,6.1268068331143235,52.450980392156865,1610612762,30,39,2025-03-15T02:20:44Z,2070000,False,-12.0,5.0,1,left,J. Juzang cutting Layup (2 PTS) (C. Sexton 2 AST),"[1630548, 1629012]",1610612762.0,UTA,cutting,,,Juzang,J. Juzang,,,,,Restricted Area,0-8 Center,1.33,Made,,2.0,C. Sexton,1629012.0,2.0,,,,,,,,,,,,,
208,PT10M20.00S,2025-03-15T02:18:57.1Z,2,REGULAR,foul,personal,['1freethrow'],1630658,,,1610612762,30,39,2025-03-15T02:19:06Z,2080000,False,,,0,,C. Castleton shooting personal FOUL (2 PF) (Juzang 1 FT),"[1630658, 1630548]",1610612761.0,TOR,shooting,,,Castleton,C. Castleton,,,,,Restricted Area,0-8 Center,,,,,,,,,,,1627529.0,2.0,0.0,Juzang,1630548.0,,,,,
210,PT10M20.00S,2025-03-15T02:19:13.0Z,2,REGULAR,substitution,out,[],1629012,,,1610612762,30,39,2025-03-15T02:19:41Z,2100000,False,,,0,,SUB out: C. Sexton,[1629012],1610612762.0,UTA,,,,Sexton,C. Sexton,,,,,,,,,,,,,,,,,,,,,,,,,,
211,PT10M20.00S,2025-03-15T02:19:13.0Z,2,REGULAR,substitution,in,[],1630531,,,1610612762,30,39,2025-03-15T02:19:41Z,2110000,False,,,0,,SUB in: J. Springer,[1630531],1610612762.0,UTA,,,,Springer,J. Springer,,,,,,,,,,,,,,,,,,,,,,,,,,
213,PT10M20.00S,2025-03-15T02:19:21.2Z,2,REGULAR,freethrow,1 of 1,[],1630548,,,1610612762,31,39,2025-03-15T02:19:21Z,2120000,False,,,0,,J. Juzang Free Throw 1 of 1 (3 PTS),[1630548],1610612762.0,UTA,,,,Juzang,J. Juzang,,,,,,,,Made,,3.0,,,,,,,,,,,,,,,,
214,PT10M04.00S,2025-03-15T02:19:38.5Z,2,REGULAR,2pt,Jump Shot,[],202066,87.46714848883047,9.803921568627452,1610612761,31,39,2025-03-15T02:21:09Z,2130000,False,-201.0,65.0,1,right,MISS G. Temple 21' Jump Shot,[202066],1610612761.0,TOR,,,,Temple,G. Temple,,,,,Mid-Range,16-24 Left,21.13,Missed,,,,,,,,,,,,,,,,,,
215,PT10M02.00S,2025-03-15T02:19:40.5Z,2,REGULAR,rebound,defensive,[],1641729,,,1610612762,31,39,2025-03-15T02:19:43Z,2140000,False,,,0,,B. Sensabaugh REBOUND (Off:0 Def:1),[1641729],1610612762.0,UTA,,,,Sensabaugh,B. Sensabaugh,,,,,Mid-Range,16-24 Left,,,214.0,,,,,1.0,1.0,0.0,,,,,,,,,,
216,PT09M52.00S,2025-03-15T02:19:51.0Z,2,REGULAR,3pt,Jump Shot,[],1630531,7.046649145860711,95.83333333333334,1610612762,31,39,2025-03-15T02:19:55Z,2150000,False,-229.0,14.0,1,left,MISS J. Springer 3PT,[1630531],1610612762.0,UTA,,,,Springer,J. Springer,,,,,Left Corner 3,24+ Left,22.96,Missed,,,,,,,,,,,,,,,,,,
217,PT09M49.00S,2025-03-15T02:19:54.0Z,2,REGULAR,rebound,defensive,[],1630658,,,1610612761,31,39,2025-03-15T02:19:55Z,2160000,False,,,0,,C. Castleton REBOUND (Off:0 Def:3),[1630658],1610612761.0,TOR,,,,Castleton,C. Castleton,,,,,Left Corner 3,24+ Left,,,216.0,,,,,3.0,3.0,0.0,,,,,,,,,,
218,PT09M39.00S,2025-03-15T02:20:02.8Z,2,REGULAR,3pt,Jump Shot,[],1630193,73.27529566360053,19.11764705882353,1610612761,31,39,2025-03-15T02:20:09Z,2170000,False,-154.0,199.0,1,right,MISS I. Quickley 25' step back 3PT,[1630193],1610612761.0,TOR,step back,,,Quickley,I. Quickley,,,,,Above the Break 3,24+ Left Center,25.16,Missed,,,,,,,,,,,,,,,,,,
219,PT09M36.00S,2025-03-15T02:20:06.5Z,2,REGULAR,rebound,offensive,[],1630658,,,1610612761,31,39,2025-03-15T02:20:06Z,2180000,False,,,0,,C. Castleton REBOUND (Off:1 Def:3),[1630658],1610612761.0,TOR,,,,Castleton,C. Castleton,,,,,Above the Break 3,24+ Left Center,,,218.0,,,,,4.0,3.0,1.0,,,,,,,,,,
220,PT09M34.00S,2025-03-15T02:20:08.7Z,2,REGULAR,turnover,lost ball,[],1630658,,,1610612761,31,39,2025-03-15T02:20:14Z,2190000,False,,,0,,C. Castleton lost ball TURNOVER (2 TO),"[1630658, 1641729]",1610612761.0,TOR,,,,Castleton,C. Castleton,,,,,In The Paint (Non-RA),0-8 Center,,,,,,,,,,,,,,,,2.0,Sensabaugh,1641729.0,,
221,PT09M34.00S,2025-03-15T02:20:08.7Z,2,REGULAR,steal,,[],1641729,,,1610612762,31,39,2025-03-15T02:20:10Z,2200000,False,,,0,,B. Sensabaugh STEAL (1 STL),[1641729],1610612762.0,UTA,,,,Sensabaugh,B. Sensabaugh,,,,,In The Paint (Non-RA),0-8 Center,,,,,,,,,,,,,,,,,,,,
222,PT09M33.00S,2025-03-15T02:20:12.5Z,2,REGULAR,foul,personal,[],1630658,,,1610612762,31,39,2025-03-15T02:20:28Z,2210000,False,,,0,,C. Castleton personal FOUL (3 PF),"[1630658, 1641729]",1610612761.0,TOR,,,,Castleton,C. Castleton,,,,,In The Paint (Non-RA),8-16 Left,,,,,,,,,,,1627529.0,3.0,0.0,Sensabaugh,1641729.0,,,,,
224,PT09M33.00S,2025-03-15T02:20:21.0Z,2,REGULAR,substitution,out,[],203903,,,1610612762,31,39,2025-03-15T02:20:46Z,2230000,False,,,0,,SUB out: J. Clarkson,[203903],1610612762.0,UTA,,,,Clarkson,J. Clarkson,,,,,,,,,,,,,,,,,,,,,,,,,,
225,PT09M33.00S,2025-03-15T02:20:21.0Z,2,REGULAR,substitution,out,[],1630231,,,1610612762,31,39,2025-03-15T02:20:46Z,2240000,False,,,0,,SUB out: K. Martin,[1630231],1610612762.0,UTA,,,,Martin,K. Martin,,,,,,,,,,,,,,,,,,,,,,,,,,
226,PT09M33.00S,2025-03-15T02:20:21.0Z,2,REGULAR,substitution,out,[],1630193,,,1610612762,31,39,2025-03-15T02:20:46Z,2250000,False,,,0,,SUB out: I. Quickley,[1630193],1610612761.0,TOR,,,,Quickley,I. Quickley,,,,,,,,,,,,,,,,,,,,,,,,,,
227,PT09M33.00S,2025-03-15T02:20:21.0Z,2,REGULAR,substitution,out,[],1630658,,,1610612762,31,39,2025-03-15T02:20:46Z,2260000,False,,,0,,SUB out: C. Castleton,[1630658],1610612761.0,TOR,,,,Castleton,C. Castleton,,,,,,,,,,,,,,,,,,,,,,,,,,
228,PT09M33.00S,2025-03-15T02:20:21.0Z,2,REGULAR,substitution,in,[],1628374,,,1610612762,31,39,2025-03-15T02:20:46Z,2270000,False,,,0,,SUB in: L. Markkanen,[1628374],1610612762.0,UTA,,,,Markkanen,L. Markkanen,,,,,,,,,,,,,,,,,,,,,,,,,,
229,PT09M33.00S,2025-03-15T02:20:21.0Z,2,REGULAR,substitution,in,[],1642271,,,1610612762,31,39,2025-03-15T02:20:46Z,2280000,False,,,0,,SUB in: K. Filipowski,[1642271],1610612762.0,UTA,,,,Filipowski,K. Filipowski,,,,,,,,,,,,,,,,,,,,,,,,,,
230,PT09M33.00S,2025-03-15T02:20:21.0Z,2,REGULAR,substitution,in,[],1631115,,,1610612762,31,39,2025-03-15T02:20:46Z,2290000,False,,,0,,SUB in: O. Robinson,[1631115],1610612761.0,TOR,,,,Robinson,O. Robinson,,,,,,,,,,,,,,,,,,,,,,,,,,
231,PT09M33.00S,2025-03-15T02:20:21.0Z,2,REGULAR,substitution,in,[],1629628,,,1610612762,31,39,2025-03-15T02:20:46Z,2300000,False,,,0,,SUB in: R. Barrett,[1629628],1610612761.0,TOR,,,,Barrett,R. Barrett,,,,,,,,,,,,,,,,,,,,,,,,,,
232,PT09M33.00S,2025-03-15T02:20:21.0Z,2,REGULAR,substitution,out,[],1630567,,,1610612762,31,39,2025-03-15T02:21:00Z,2310000,False,,,0,,SUB out: S. Barnes,[1630567],1610612761.0,TOR,,,,Barnes,S. Barnes,,,,,,,,,,,,,,,,,,,,,,,,,,
233,PT09M33.00S,2025-03-15T02:20:21.0Z,2,REGULAR,substitution,in,[],1642347,,,1610612762,31,39,2025-03-15T02:21:00Z,2320000,False,,,0,,SUB in: J. Shead,[1642347],1610612761.0,TOR,,,,Shead,J. Shead,,,,,,,,,,,,,,,,,,,,,,,,,,
234,PT09M20.00S,2025-03-15T02:21:07.0Z,2,REGULAR,3pt,Jump Shot,['fromturnover'],1628374,19.793035479632064,93.13725490196079,1610612762,31,39,2025-03-15T02:21:12Z,2330000,False,-216.0,134.0,1,left,MISS L. Markkanen 25' 3PT,[1628374],1610612762.0,UTA,,,,Markkanen,L. Markkanen,,,,,Above the Break 3,24+ Left Center,25.37,Missed,,,,,,,,,,,,,,,,,,
235,PT09M15.00S,2025-03-15T02:21:12.0Z,2,REGULAR,rebound,defensive,[],202066,,,1610612761,31,39,2025-03-15T02:21:12Z,2340000,False,,,0,,G. Temple REBOUND (Off:0 Def:1),[202066],1610612761.0,TOR,,,,Temple,G. Temple,,,,,Above the Break 3,24+ Left Center,,,234.0,,,,,1.0,1.0,0.0,,,,,,,,,,
236,PT08M57.00S,2025-03-15T02:21:28.6Z,2,REGULAR,3pt,Jump Shot,[],1630639,74.58935611038108,14.460784313725492,1610612761,31,39,2025-03-15T02:21:35Z,2350000,False,-178.0,186.0,1,right,MISS A. Lawson 25' 3PT,[1630639],1610612761.0,TOR,,,,Lawson,A. Lawson,,,,,Above the Break 3,24+ Left Center,25.75,Missed,,,,,,,,,,,,,,,,,,
237,PT08M56.00S,2025-03-15T02:21:32.0Z,2,REGULAR,rebound,defensive,['team'],0,,,1610612762,31,39,2025-03-15T02:21:32Z,2360000,False,,,0,,TEAM defensive REBOUND,[],1610612762.0,UTA,,,,,,,,,,Above the Break 3,24+ Left Center,,,236.0,,,,,,,,,,,,,,,,,
239,PT08M44.00S,2025-03-15T02:21:54.2Z,2,REGULAR,3pt,Jump Shot,[],1641729,31.488173455978973,67.64705882352942,1610612762,34,39,2025-03-15T02:24:00Z,2380000,False,-88.0,243.0,1,left,B. Sensabaugh 25' 3PT pullup (6 PTS),[1641729],1610612762.0,UTA,pullup,,,Sensabaugh,B. Sensabaugh,,,,,Above the Break 3,24+ Left Center,25.9,Made,,6.0,,,,,,,,,,,,,,,,
240,PT08M32.00S,2025-03-15T02:22:06.1Z,2,REGULAR,3pt,Jump Shot,[],1642347,69.85873850197109,83.57843137254902,1610612761,34,42,2025-03-15T02:22:10Z,2390000,False,168.0,231.0,1,right,J. Shead 28' 3PT  (3 PTS) (O. Robinson 2 AST),"[1642347, 1631115]",1610612761.0,TOR,,,,Shead,J. Shead,,,,,Above the Break 3,24+ Right Center,28.54,Made,,3.0,O. Robinson,1631115.0,2.0,,,,,,,,,,,,,
242,PT08M18.00S,2025-03-15T02:22:20.4Z,2,REGULAR,2pt,Layup,['pointsinthepaint'],1630548,6.783837056504599,44.11764705882353,1610612762,36,42,2025-03-15T02:24:31Z,2410000,False,29.0,11.0,1,left,J. Juzang cutting Layup (5 PTS) (J. Springer 1 AST),"[1630548, 1630531]",1610612762.0,UTA,cutting,,,Juzang,J. Juzang,,,,,Restricted Area,0-8 Center,3.15,Made,,5.0,J. Springer,1630531.0,1.0,,,,,,,,,,,,,
244,PT08M18.00S,2025-03-15T02:22:22.6Z,2,REGULAR,foul,personal,['1freethrow'],202066,,,1610612762,36,42,2025-03-15T02:22:41Z,2430000,False,,,0,,G. Temple shooting personal FOUL (2 PF) (Juzang 1 FT),"[202066, 1630548]",1610612761.0,TOR,shooting,,,Temple,G. Temple,,,,,Restricted Area,0-8 Center,,,,,,,,,,,1151.0,2.0,0.0,Juzang,1630548.0,,,,,
246,PT08M18.00S,2025-03-15T02:22:38.3Z,2,REGULAR,substitution,out,[],202066,,,1610612762,36,42,2025-03-15T02:23:26Z,2450000,False,,,0,,SUB out: G. Temple,[202066],1610612761.0,TOR,,,,Temple,G. Temple,,,,,,,,,,,,,,,,,,,,,,,,,,
247,PT08M18.00S,2025-03-15T02:22:38.3Z,2,REGULAR,substitution,in,[],1642419,,,1610612762,36,42,2025-03-15T02:23:26Z,2460000,False,,,0,,SUB in: J. Battle,[1642419],1610612761.0,TOR,,,,Battle,J. Battle,,,,,,,,,,,,,,,,,,,,,,,,,,
248,PT08M18.00S,2025-03-15T02:22:50.3Z,2,REGULAR,freethrow,1 of 1,[],1630548,,,1610612762,37,42,2025-03-15T02:22:50Z,2470000,False,,,0,,J. Juzang Free Throw 1 of 1 (6 PTS),[1630548],1610612762.0,UTA,,,,Juzang,J. Juzang,,,,,,,,Made,,6.0,,,,,,,,,,,,,,,,
249,PT07M58.00S,2025-03-15T02:23:11.4Z,2,REGULAR,2pt,Jump Shot,['pointsinthepaint'],1629628,84.70762155059133,48.28431372549019,1610612761,37,44,2025-03-15T02:25:17Z,2480000,False,-9.0,91.0,1,right,R. Barrett 9' driving floating bank Jump Shot (4 PTS),[1629628],1610612761.0,TOR,driving floating bank,,,Barrett,R. Barrett,,,,,In The Paint (Non-RA),8-16 Center,9.16,Made,,4.0,,,,,,,,,,,,,,,,
250,PT07M46.00S,2025-03-15T02:23:26.5Z,2,REGULAR,foul,offensive,[],1642271,,,1610612762,37,44,2025-03-15T02:23:33Z,2490000,False,,,0,,K. Filipowski offensive FOUL (2 PF),"[1642271, 1642347]",1610612762.0,UTA,,,,Filipowski,K. Filipowski,,,,,Above the Break 3,24+ Center,,,,,,,,,,,1151.0,2.0,0.0,Shead,1642347.0,,,,,
252,PT07M46.00S,2025-03-15T02:23:26.5Z,2,REGULAR,turnover,offensive foul,[],1642271,,,1610612762,37,44,2025-03-15T02:23:26Z,2510000,False,,,0,,K. Filipowski offensive foul TURNOVER (1 TO),[1642271],1610612762.0,UTA,,,,Filipowski,K. Filipowski,,,,,Above the Break 3,24+ Center,,,,,,,,,,,1151.0,,,,,1.0,,,,
253,PT07M46.00S,2025-03-15T02:23:32.5Z,2,REGULAR,substitution,out,[],1641729,,,1610612761,37,44,2025-03-15T02:23:38Z,2520000,False,,,0,,SUB out: B. Sensabaugh,[1641729],1610612762.0,UTA,,,,Sensabaugh,B. Sensabaugh,,,,,,,,,,,,,,,,,,,,,,,,,,
254,PT07M46.00S,2025-03-15T02:23:32.5Z,2,REGULAR,substitution,in,[],1642268,,,1610612761,37,44,2025-03-15T02:23:38Z,2530000,False,,,0,,SUB in: I. Collier,[1642268],1610612762.0,UTA,,,,Collier,I. Collier,,,,,,,,,,,,,,,,,,,,,,,,,,
255,PT07M35.00S,2025-03-15T02:24:00.0Z,2,REGULAR,2pt,DUNK,"['pointsinthepaint', 'fromturnover']",1631115,91.80354796320631,44.6078431372549,1610612761,37,44,2025-03-15T02:25:51Z,2540000,False,-27.0,25.0,1,right,MISS O. Robinson cutting DUNK,[1631115],1610612761.0,TOR,cutting,,,Robinson,O. Robinson,,,,,Restricted Area,0-8 Center,3.65,Missed,,,,,,,,,,,,,,,,,,
257,PT07M31.00S,2025-03-15T02:24:04.0Z,2,REGULAR,rebound,defensive,[],1628374,,,1610612762,37,44,2025-03-15T02:24:04Z,2560000,False,,,0,,L. Markkanen REBOUND (Off:0 Def:4),[1628374],1610612762.0,UTA,,,,Markkanen,L. Markkanen,,,,,Restricted Area,0-8 Center,,,255.0,,,,,4.0,4.0,0.0,,,,,,,,,,
258,PT07M21.00S,2025-03-15T02:24:12.8Z,2,REGULAR,2pt,Layup,['pointsinthepaint'],1630531,7.30946123521682,46.81372549019608,1610612762,39,44,2025-03-15T02:24:16Z,2570000,False,16.0,16.0,1,left,J. Springer Layup (2 PTS) (J. Juzang 1 AST),"[1630531, 1630548]",1610612762.0,UTA,,,,Springer,J. Springer,,,,,Restricted Area,0-8 Center,2.27,Made,,2.0,J. Juzang,1630548.0,1.0,,,,,,,,,,,,,
260,PT07M16.00S,2025-03-15T02:24:21.0Z,2,REGULAR,turnover,out-of-bounds,[],1642347,,,1610612761,39,44,2025-03-15T02:24:26Z,2590000,False,,,0,,J. Shead lost ball out-of-bounds TURNOVER (1 TO),[1642347],1610612761.0,TOR,lost ball,,,Shead,J. Shead,,,,,Above the Break 3,24+ Left Center,,,,,,,,,,,1627529.0,,,,,1.0,,,,
261,PT06M56.00S,2025-03-15T02:24:57.9Z,2,REGULAR,foul,personal,[],1642347,,,1610612762,39,44,2025-03-15T02:25:04Z,2600000,False,,,0,,J. Shead personal FOUL (1 PF),"[1642347, 1630531]",1610612761.0,TOR,,,,Shead,J. Shead,,,,,Above the Break 3,24+ Right Center,,,,,,,,,,,1151.0,1.0,0.0,Springer,1630531.0,,,,,
263,PT06M56.00S,2025-03-15T02:25:05.8Z,2,REGULAR,timeout,full,"['team', 'mandatory']",0,,,1610612762,39,44,2025-03-15T02:25:05Z,2620000,False,,,0,,UTA Timeout,[],1610612762.0,UTA,,,,,,,,,,,,,,,,,,,,,,,,,,,,,,,
264,PT06M56.00S,2025-03-15T02:27:48.7Z,2,REGULAR,substitution,out,[],1630548,,,1610612762,39,44,2025-03-15T02:27:59Z,2630000,False,,,0,,SUB out: J. Juzang,[1630548],1610612762.0,UTA,,,,Juzang,J. Juzang,,,,,,,,,,,,,,,,,,,,,,,,,,
265,PT06M56.00S,2025-03-15T02:27:48.7Z,2,REGULAR,substitution,in,[],1642262,,,1610612762,39,44,2025-03-15T02:27:59Z,2640000,False,,,0,,SUB in: C. Williams,[1642262],1610612762.0,UTA,,,,Williams,C. Williams,,,,,,,,,,,,,,,,,,,,,,,,,,
266,PT06M50.00S,2025-03-15T02:28:14.0Z,2,REGULAR,turnover,lost ball,[],1642262,,,1610612762,39,44,2025-03-15T02:28:17Z,2650000,False,,,0,,C. Williams lost ball TURNOVER (2 TO),"[1642262, 1629628]",1610612762.0,UTA,,,,Williams,C. Williams,,,,,Above the Break 3,24+ Right Center,,,,,,,,,,,,,,,,2.0,Barrett,1629628.0,,
267,PT06M50.00S,2025-03-15T02:28:14.0Z,2,REGULAR,steal,,[],1629628,,,1610612761,39,44,2025-03-15T02:28:15Z,2660000,False,,,0,,R. Barrett STEAL (1 STL),[1629628],1610612761.0,TOR,,,,Barrett,R. Barrett,,,,,Above the Break 3,24+ Right Center,,,,,,,,,,,,,,,,,,,,
268,PT06M47.00S,2025-03-15T02:28:16.1Z,2,REGULAR,2pt,DUNK,"['pointsinthepaint', 'fromturnover', 'fastbreak']",1630639,91.40932982917214,47.30392156862745,1610612761,39,46,2025-03-15T02:28:23Z,2670000,False,-13.0,28.0,1,right,A. Lawson running DUNK (6 PTS) (R. Barrett 2 AST),"[1630639, 1629628]",1610612761.0,TOR,running,,,Lawson,A. Lawson,,,,,Restricted Area,0-8 Center,3.14,Made,,6.0,R. Barrett,1629628.0,2.0,,,,,,,,,,,,,
270,PT06M27.00S,2025-03-15T02:28:36.6Z,2,REGULAR,2pt,Layup,['pointsinthepaint'],1630531,9.017739816031538,42.64705882352941,1610612762,41,46,2025-03-15T02:28:40Z,2690000,False,37.0,32.0,1,left,J. Springer driving Layup (4 PTS),[1630531],1610612762.0,UTA,driving,,,Springer,J. Springer,,,,,In The Paint (Non-RA),0-8 Center,4.9,Made,,4.0,,,,,,,,,,,,,,,,
271,PT06M12.00S,2025-03-15T02:28:51.2Z,2,REGULAR,3pt,Jump Shot,[],1642419,66.96780551905388,50.49019607843137,1610612761,41,46,2025-03-15T02:28:56Z,2700000,False,2.0,258.0,1,right,MISS J. Battle 25' 3PT,[1642419],1610612761.0,TOR,,,,Battle,J. Battle,,,,,Above the Break 3,24+ Center,25.8,Missed,,,,,,,,,,,,,,,,,,
272,PT06M09.00S,2025-03-15T02:28:54.2Z,2,REGULAR,rebound,defensive,[],1642268,,,1610612762,41,46,2025-03-15T02:28:56Z,2710000,False,,,0,,I. Collier REBOUND (Off:0 Def:2),[1642268],1610612762.0,UTA,,,,Collier,I. Collier,,,,,Above the Break 3,24+ Center,,,271.0,,,,,2.0,2.0,0.0,,,,,,,,,,
273,PT05M59.00S,2025-03-15T02:29:04.9Z,2,REGULAR,3pt,Jump Shot,[],1628374,12.697109067017081,3.1862745098039214,1610612762,44,46,2025-03-15T02:29:09Z,2720000,False,234.0,67.0,1,left,L. Markkanen 24' 3PT  (12 PTS) (I. Collier 5 AST),"[1628374, 1642268]",1610612762.0,UTA,,,,Markkanen,L. Markkanen,,,,,Right Corner 3,24+ Right,24.35,Made,,12.0,I. Collier,1642268.0,5.0,,,,,,,,,,,,,
275,PT05M46.00S,2025-03-15T02:29:17.9Z,2,REGULAR,3pt,Jump Shot,[],1629628,68.67608409986859,62.254901960784316,1610612761,44,46,2025-03-15T02:29:24Z,2740000,False,61.0,242.0,1,right,MISS R. Barrett 24' 3PT,[1629628],1610612761.0,TOR,,,,Barrett,R. Barrett,,,,,Above the Break 3,24+ Center,24.95,Missed,,,,,,,,,,,,,,,,,,
276,PT05M43.00S,2025-03-15T02:29:20.9Z,2,REGULAR,rebound,defensive,[],1628374,,,1610612762,44,46,2025-03-15T02:29:24Z,2750000,False,,,0,,L. Markkanen REBOUND (Off:0 Def:5),[1628374],1610612762.0,UTA,,,,Markkanen,L. Markkanen,,,,,Above the Break 3,24+ Center,,,275.0,,,,,5.0,5.0,0.0,,,,,,,,,,
277,PT05M38.00S,2025-03-15T02:29:26.9Z,2,REGULAR,2pt,Layup,"['fastbreak', 'pointsinthepaint']",1628374,9.149145860709593,39.950980392156865,1610612762,44,46,2025-03-15T02:30:54Z,2760000,False,50.0,34.0,1,left,MISS L. Markkanen 6' running Layup,[1628374],1610612762.0,UTA,running,,,Markkanen,L. Markkanen,,,,,In The Paint (Non-RA),0-8 Center,6.04,Missed,,,,,,,,,,,,,,,,,,
278,PT05M34.00S,2025-03-15T02:29:30.9Z,2,REGULAR,rebound,defensive,[],1642419,,,1610612761,44,46,2025-03-15T02:29:33Z,2770000,False,,,0,,J. Battle REBOUND (Off:0 Def:2),[1642419],1610612761.0,TOR,,,,Battle,J. Battle,,,,,In The Paint (Non-RA),0-8 Center,,,277.0,,,,,2.0,2.0,0.0,,,,,,,,,,
279,PT05M31.00S,2025-03-15T02:29:33.5Z,2,REGULAR,2pt,Layup,"['pointsinthepaint', 'fastbreak']",1629628,92.85479632063075,54.166666666666664,1610612761,44,48,2025-03-15T02:29:38Z,2780000,False,21.0,15.0,1,right,R. Barrett running Layup (6 PTS),[1629628],1610612761.0,TOR,running,,,Barrett,R. Barrett,,,,,Restricted Area,0-8 Center,2.55,Made,,6.0,,,,,,,,,,,,,,,,
280,PT05M17.00S,2025-03-15T02:29:48.5Z,2,REGULAR,2pt,Layup,['pointsinthepaint'],1628374,8.623521681997373,55.392156862745104,1610612762,44,48,2025-03-15T02:31:42Z,2790000,False,-27.0,29.0,1,left,MISS L. Markkanen driving Layup - blocked,"[1628374, 1642347]",1610612762.0,UTA,driving,,,Markkanen,L. Markkanen,,,,,Restricted Area,0-8 Center,3.93,Missed,,,,,,,,,,,,,,,,,Shead,1642347.0
281,PT05M17.00S,2025-03-15T02:29:48.5Z,2,REGULAR,block,,[],1642347,,,1610612762,44,48,2025-03-15T02:29:50Z,2800000,False,,,0,,J. Shead BLOCK (1 BLK),[1642347],1610612761.0,TOR,,,,Shead,J. Shead,,,,,Restricted Area,0-8 Center,,,,,,,,,,,,,,,,,,,,
282,PT05M17.00S,2025-03-15T02:29:48.5Z,2,REGULAR,rebound,defensive,['team'],0,,,1610612761,44,48,2025-03-15T02:29:55Z,2810000,False,,,0,,TEAM defensive REBOUND,[],1610612761.0,TOR,,,,,,,,,,Restricted Area,0-8 Center,,,280.0,,,,,,,,,,,,,,,,,
284,PT05M17.00S,2025-03-15T02:29:55.0Z,2,REGULAR,substitution,out,[],1642347,,,1610612761,44,48,2025-03-15T02:30:00Z,2830000,False,,,0,,SUB out: J. Shead,[1642347],1610612761.0,TOR,,,,Shead,J. Shead,,,,,,,,,,,,,,,,,,,,,,,,,,
285,PT05M17.00S,2025-03-15T02:29:55.0Z,2,REGULAR,substitution,in,[],1630567,,,1610612761,44,48,2025-03-15T02:30:00Z,2840000,False,,,0,,SUB in: S. Barnes,[1630567],1610612761.0,TOR,,,,Barnes,S. Barnes,,,,,,,,,,,,,,,,,,,,,,,,,,
286,PT05M05.00S,2025-03-15T02:30:16.6Z,2,REGULAR,2pt,Jump Shot,['pointsinthepaint'],1630567,80.6340341655716,41.17647058823529,1610612761,44,48,2025-03-15T02:32:05Z,2850000,False,-44.0,130.0,1,right,MISS S. Barnes 13' driving floating Shot,[1630567],1610612761.0,TOR,driving floating,,,Barnes,S. Barnes,,,,,In The Paint (Non-RA),8-16 Center,13.68,Missed,,,,,,,,,,,,,,,,,,
287,PT05M02.00S,2025-03-15T02:30:19.6Z,2,REGULAR,rebound,defensive,[],1642271,,,1610612762,44,48,2025-03-15T02:30:22Z,2860000,False,,,0,,K. Filipowski REBOUND (Off:1 Def:2),[1642271],1610612762.0,UTA,,,,Filipowski,K. Filipowski,,,,,In The Paint (Non-RA),8-16 Center,,,286.0,,,,,3.0,2.0,1.0,,,,,,,,,,
288,PT04M51.00S,2025-03-15T02:30:30.7Z,2,REGULAR,turnover,lost ball,[],1630531,,,1610612762,44,48,2025-03-15T02:30:35Z,2870000,False,,,0,,J. Springer lost ball TURNOVER (1 TO),"[1630531, 1630567]",1610612762.0,UTA,,,,Springer,J. Springer,,,,,In The Paint (Non-RA),8-16 Right,,,,,,,,,,,,,,,,1.0,Barnes,1630567.0,,
289,PT04M51.00S,2025-03-15T02:30:30.7Z,2,REGULAR,steal,,[],1630567,,,1610612761,44,48,2025-03-15T02:30:32Z,2880000,False,,,0,,S. Barnes STEAL (1 STL),[1630567],1610612761.0,TOR,,,,Barnes,S. Barnes,,,,,In The Paint (Non-RA),8-16 Right,,,,,,,,,,,,,,,,,,,,
290,PT04M50.00S,2025-03-15T02:30:32.7Z,2,REGULAR,foul,personal,[],1630531,,,1610612761,44,48,2025-03-15T02:30:39Z,2890000,False,,,0,,J. Springer personal FOUL (1 PF),"[1630531, 1630567]",1610612762.0,UTA,,,,Springer,J. Springer,,,,,In The Paint (Non-RA),8-16 Right,,,,,,,,,,,1627529.0,1.0,0.0,Barnes,1630567.0,,,,,
292,PT04M42.00S,2025-03-15T02:31:03.2Z,2,REGULAR,foul,offensive,[],1629628,,,1610612761,44,48,2025-03-15T02:31:08Z,2910000,False,,,0,,R. Barrett offensive FOUL (2 PF),"[1629628, 1628374]",1610612761.0,TOR,,,,Barrett,R. Barrett,,,,,In The Paint (Non-RA),8-16 Center,,,,,,,,,,,1151.0,2.0,0.0,Markkanen,1628374.0,,,,,
294,PT04M42.00S,2025-03-15T02:31:03.2Z,2,REGULAR,turnover,offensive foul,[],1629628,,,1610612761,44,48,2025-03-15T02:31:03Z,2930000,False,,,0,,R. Barrett offensive foul TURNOVER (1 TO),[1629628],1610612761.0,TOR,,,,Barrett,R. Barrett,,,,,In The Paint (Non-RA),8-16 Center,,,,,,,,,,,1151.0,,,,,1.0,,,,
295,PT04M32.00S,2025-03-15T02:31:27.9Z,2,REGULAR,2pt,Layup,"['pointsinthepaint', 'fromturnover']",1642268,10.726018396846255,41.17647058823529,1610612762,44,48,2025-03-15T02:31:34Z,2940000,False,44.0,48.0,1,left,MISS I. Collier 6' driving Layup,[1642268],1610612762.0,UTA,driving,,,Collier,I. Collier,,,,,In The Paint (Non-RA),0-8 Center,6.54,Missed,,,,,,,,,,,,,,,,,,
296,PT04M31.00S,2025-03-15T02:31:28.9Z,2,REGULAR,rebound,offensive,['team'],0,,,1610612762,44,48,2025-03-15T02:36:14Z,2950000,False,,,0,,TEAM offensive REBOUND,[],1610612762.0,UTA,,,,,,,,,,In The Paint (Non-RA),0-8 Center,,,295.0,,,,,,,,,,,,,,,,,
297,PT04M31.00S,2025-03-15T02:32:46.8Z,2,REGULAR,violation,jumpball,[],1631115,,,1610612762,44,48,2025-03-15T02:36:09Z,2960000,False,,,0,,O. Robinson jumpball VIOLATION,[1631115],1610612761.0,TOR,,,,Robinson,O. Robinson,,,,,,,,,,,,,,,,,1151.0,,,,,,,,,
298,PT04M22.00S,2025-03-15T02:33:16.9Z,2,REGULAR,2pt,Jump Shot,"['pointsinthepaint', 'fromturnover', '2ndchance']",1628374,19.398817345597898,37.254901960784316,1610612762,46,48,2025-03-15T02:36:09Z,2970000,False,64.0,130.0,1,left,L. Markkanen 14' turnaround fadeaway Jump Shot (14 PTS),[1628374],1610612762.0,UTA,turnaround fadeaway,,,Markkanen,L. Markkanen,,,,,In The Paint (Non-RA),8-16 Center,14.46,Made,,14.0,,,,,,,,,,,,,,,,
299,PT04M21.00S,2025-03-15T02:33:22.5Z,2,REGULAR,timeout,full,"['team', 'mandatory']",0,,,1610612761,46,48,2025-03-15T02:33:22Z,2980000,False,,,0,,TOR Timeout,[],1610612761.0,TOR,,,,,,,,,,,,,,,,,,,,,,,,,,,,,,,
301,PT04M05.00S,2025-03-15T02:36:48.4Z,2,REGULAR,foul,personal,['2freethrow'],1642262,,,1610612761,46,48,2025-03-15T02:36:55Z,3000000,False,,,0,,C. Williams shooting personal FOUL (1 PF) (Robinson 2 FT),"[1642262, 1631115]",1610612762.0,UTA,shooting,,,Williams,C. Williams,,,,,Restricted Area,0-8 Center,,,,,,,,,,,1151.0,1.0,0.0,Robinson,1631115.0,,,,,
303,PT04M05.00S,2025-03-15T02:37:13.3Z,2,REGULAR,freethrow,1 of 2,[],1631115,,,1610612761,46,49,2025-03-15T02:37:13Z,3020000,False,,,0,,O. Robinson Free Throw 1 of 2 (6 PTS),[1631115],1610612761.0,TOR,,,,Robinson,O. Robinson,,,,,,,,Made,,6.0,,,,,,,,,,,,,,,,
304,PT04M05.00S,2025-03-15T02:37:15.5Z,2,REGULAR,substitution,out,[],1630639,,,1610612761,46,49,2025-03-15T02:37:34Z,3030000,False,,,0,,SUB out: A. Lawson,[1630639],1610612761.0,TOR,,,,Lawson,A. Lawson,,,,,,,,,,,,,,,,,,,,,,,,,,
305,PT04M05.00S,2025-03-15T02:37:15.5Z,2,REGULAR,substitution,in,[],1630193,,,1610612761,46,49,2025-03-15T02:37:34Z,3040000,False,,,0,,SUB in: I. Quickley,[1630193],1610612761.0,TOR,,,,Quickley,I. Quickley,,,,,,,,,,,,,,,,,,,,,,,,,,
306,PT04M05.00S,2025-03-15T02:37:40.5Z,2,REGULAR,freethrow,2 of 2,[],1631115,,,1610612761,46,50,2025-03-15T02:37:40Z,3050000,False,,,0,,O. Robinson Free Throw 2 of 2 (7 PTS),[1631115],1610612761.0,TOR,,,,Robinson,O. Robinson,,,,,,,,Made,,7.0,,,,,,,,,,,,,,,,
307,PT03M59.00S,2025-03-15T02:37:51.5Z,2,REGULAR,foul,personal,"['inpenalty', '2freethrow']",1630193,,,1610612762,46,50,2025-03-15T02:37:58Z,3060000,False,,,0,,I. Quickley personal FOUL (1 PF) (Collier 2 FT),"[1630193, 1642268]",1610612761.0,TOR,,,,Quickley,I. Quickley,,,,,Above the Break 3,24+ Center,,,,,,,,,,,203591.0,1.0,0.0,Collier,1642268.0,,,,,
309,PT03M59.00S,2025-03-15T02:38:20.5Z,2,REGULAR,freethrow,1 of 2,[],1642268,,,1610612762,46,50,2025-03-15T02:38:20Z,3080000,False,,,0,,MISS I. Collier Free Throw 1 of 2,[1642268],1610612762.0,UTA,,,,Collier,I. Collier,,,,,,,,Missed,,,,,,,,,,,,,,,,,,
310,PT03M59.00S,2025-03-15T02:38:20.5Z,2,REGULAR,rebound,offensive,"['deadball', 'team']",0,,,1610612762,46,50,2025-03-15T02:38:20Z,3090000,False,,,0,,TEAM offensive REBOUND,[],1610612762.0,UTA,,,,,,,,,,,,,,309.0,,,,,,,,,,,,,,,,,
311,PT03M59.00S,2025-03-15T02:38:33.9Z,2,REGULAR,freethrow,2 of 2,[],1642268,,,1610612762,47,50,2025-03-15T02:38:33Z,3100000,False,,,0,,I. Collier Free Throw 2 of 2 (1 PTS),[1642268],1610612762.0,UTA,,,,Collier,I. Collier,,,,,,,,Made,,1.0,,,,,,,,,,,,,,,,
312,PT03M47.00S,2025-03-15T02:38:46.8Z,2,REGULAR,turnover,bad pass,[],1630567,,,1610612761,47,50,2025-03-15T02:38:53Z,3110000,False,,,0,,S. Barnes bad pass TURNOVER (1 TO),"[1630567, 1630531]",1610612761.0,TOR,,,,Barnes,S. Barnes,,,,,In The Paint (Non-RA),8-16 Left,,,,,,,,,,,,,,,,1.0,Springer,1630531.0,,
313,PT03M47.00S,2025-03-15T02:38:46.8Z,2,REGULAR,steal,,[],1630531,,,1610612762,47,50,2025-03-15T02:38:48Z,3120000,False,,,0,,J. Springer STEAL (1 STL),[1630531],1610612762.0,UTA,,,,Springer,J. Springer,,,,,In The Paint (Non-RA),8-16 Left,,,,,,,,,,,,,,,,,,,,
314,PT03M41.00S,2025-03-15T02:38:52.3Z,2,REGULAR,2pt,DUNK,"['fastbreak', 'pointsinthepaint', 'fromturnover']",1628374,8.886333771353483,54.90196078431373,1610612762,47,50,2025-03-15T02:39:28Z,3130000,False,-25.0,31.0,1,left,MISS L. Markkanen running alley-oop DUNK,[1628374],1610612762.0,UTA,running alley-oop,,,Markkanen,L. Markkanen,,,,,Restricted Area,0-8 Center,3.95,Missed,,,,,,,,,,,,,,,,,,
315,PT03M39.00S,2025-03-15T02:38:54.3Z,2,REGULAR,rebound,defensive,[],1630567,,,1610612761,47,50,2025-03-15T02:39:28Z,3140000,False,,,0,,S. Barnes REBOUND (Off:1 Def:7),[1630567],1610612761.0,TOR,,,,Barnes,S. Barnes,,,,,Restricted Area,0-8 Center,,,314.0,,,,,8.0,7.0,1.0,,,,,,,,,,
316,PT03M23.00S,2025-03-15T02:39:11.2Z,2,REGULAR,2pt,Layup,['pointsinthepaint'],1629628,86.94152431011827,39.705882352941174,1610612761,47,50,2025-03-15T02:40:24Z,3150000,False,-51.0,70.0,1,right,MISS R. Barrett 8' driving Layup,[1629628],1610612761.0,TOR,driving,,,Barrett,R. Barrett,,,,,In The Paint (Non-RA),8-16 Left,8.71,Missed,,,,,,,,,,,,,,,,,,
317,PT03M21.00S,2025-03-15T02:39:13.2Z,2,REGULAR,rebound,defensive,[],1642271,,,1610612762,47,50,2025-03-15T02:39:16Z,3160000,False,,,0,,K. Filipowski REBOUND (Off:1 Def:3),[1642271],1610612762.0,UTA,,,,Filipowski,K. Filipowski,,,,,In The Paint (Non-RA),8-16 Left,,,316.0,,,,,4.0,3.0,1.0,,,,,,,,,,
318,PT03M11.00S,2025-03-15T02:39:23.2Z,2,REGULAR,3pt,Jump Shot,[],1642271,11.514454664914586,95.83333333333334,1610612762,50,50,2025-03-15T02:39:27Z,3170000,False,-229.0,56.0,1,left,K. Filipowski 3PT  (8 PTS) (J. Springer 2 AST),"[1642271, 1630531]",1610612762.0,UTA,,,,Filipowski,K. Filipowski,,,,,Left Corner 3,24+ Left,23.59,Made,,8.0,J. Springer,1630531.0,2.0,,,,,,,,,,,,,
320,PT02M58.00S,2025-03-15T02:39:36.2Z,2,REGULAR,2pt,Layup,['pointsinthepaint'],1629628,89.96386333771353,38.970588235294116,1610612761,50,50,2025-03-15T02:41:01Z,3190000,False,-55.0,42.0,1,right,MISS R. Barrett 6' cutting Layup,[1629628],1610612761.0,TOR,cutting,,,Barrett,R. Barrett,,,,,In The Paint (Non-RA),0-8 Center,6.92,Missed,,,,,,,,,,,,,,,,,,
321,PT02M58.00S,2025-03-15T02:39:36.2Z,2,REGULAR,rebound,defensive,['team'],0,,,1610612762,50,50,2025-03-15T02:39:48Z,3200000,False,,,0,,TEAM defensive REBOUND,[],1610612762.0,UTA,,,,,,,,,,In The Paint (Non-RA),0-8 Center,,,320.0,,,,,,,,,,,,,,,,,
323,PT02M48.00S,2025-03-15T02:39:57.9Z,2,REGULAR,violation,kicked ball,[],1631115,,,1610612762,50,50,2025-03-15T02:40:07Z,3220000,False,,,0,,O. Robinson kicked ball VIOLATION,[1631115],1610612761.0,TOR,,,,Robinson,O. Robinson,,,,,,,,,,,,,,,,,203591.0,,,,,,,,,
324,PT02M37.00S,2025-03-15T02:40:30.4Z,2,REGULAR,3pt,Jump Shot,[],1628374,19.530223390275953,5.88235294117647,1610612762,50,50,2025-03-15T02:40:37Z,3230000,False,221.0,131.0,1,left,MISS L. Markkanen 25' step back 3PT,[1628374],1610612762.0,UTA,step back,,,Markkanen,L. Markkanen,,,,,Above the Break 3,24+ Right Center,25.66,Missed,,,,,,,,,,,,,,,,,,
325,PT02M33.00S,2025-03-15T02:40:34.4Z,2,REGULAR,rebound,defensive,[],1629628,,,1610612761,50,50,2025-03-15T02:40:37Z,3240000,False,,,0,,R. Barrett REBOUND (Off:0 Def:1),[1629628],1610612761.0,TOR,,,,Barrett,R. Barrett,,,,,Above the Break 3,24+ Right Center,,,324.0,,,,,1.0,1.0,0.0,,,,,,,,,,
326,PT02M20.00S,2025-03-15T02:40:46.4Z,2,REGULAR,2pt,DUNK,['pointsinthepaint'],1630567,88.51839684625493,37.254901960784316,1610612761,50,52,2025-03-15T02:40:52Z,3250000,False,-64.0,55.0,1,right,S. Barnes 8' driving DUNK (11 PTS) (I. Quickley 3 AST),"[1630567, 1630193]",1610612761.0,TOR,driving,,,Barnes,S. Barnes,,,,,In The Paint (Non-RA),8-16 Left,8.44,Made,,11.0,I. Quickley,1630193.0,3.0,,,,,,,,,,,,,
328,PT02M05.00S,2025-03-15T02:41:01.0Z,2,REGULAR,3pt,Jump Shot,[],1642262,7.30946123521682,1.4705882352941175,1610612762,53,52,2025-03-15T02:41:06Z,3270000,False,243.0,16.0,1,left,C. Williams 24' 3PT  (6 PTS) (I. Collier 6 AST),"[1642262, 1642268]",1610612762.0,UTA,,,,Williams,C. Williams,,,,,Right Corner 3,24+ Right,24.31,Made,,6.0,I. Collier,1642268.0,6.0,,,,,,,,,,,,,
330,PT01M52.00S,2025-03-15T02:41:14.3Z,2,REGULAR,2pt,DUNK,['pointsinthepaint'],1630567,86.28449408672799,37.745098039215684,1610612761,53,54,2025-03-15T02:41:19Z,3290000,False,-61.0,76.0,1,right,S. Barnes 9' driving DUNK (13 PTS) (R. Barrett 3 AST),"[1630567, 1629628]",1610612761.0,TOR,driving,,,Barnes,S. Barnes,,,,,In The Paint (Non-RA),8-16 Left,9.8,Made,,13.0,R. Barrett,1629628.0,3.0,,,,,,,,,,,,,
332,PT01M43.00S,2025-03-15T02:41:25.8Z,2,REGULAR,foul,personal,"['inpenalty', '2freethrow']",1631115,,,1610612762,53,54,2025-03-15T02:41:33Z,3310000,False,,,0,,O. Robinson personal FOUL (1 PF) (Markkanen 2 FT),"[1631115, 1628374]",1610612761.0,TOR,,,,Robinson,O. Robinson,,,,,In The Paint (Non-RA),0-8 Center,,,,,,,,,,,1627529.0,1.0,0.0,Markkanen,1628374.0,,,,,
334,PT01M43.00S,2025-03-15T02:41:58.4Z,2,REGULAR,freethrow,1 of 2,[],1628374,,,1610612762,54,54,2025-03-15T02:41:58Z,3330000,False,,,0,,L. Markkanen Free Throw 1 of 2 (15 PTS),[1628374],1610612762.0,UTA,,,,Markkanen,L. Markkanen,,,,,,,,Made,,15.0,,,,,,,,,,,,,,,,
